Copyright 1986-2022 Xilinx, Inc. All Rights Reserved. Copyright 2022-2024 Advanced Micro Devices, Inc. All Rights Reserved.
------------------------------------------------------------------------------------------------------------------------------------------------------------------------------------------------------------------------------------
| Tool Version : Vivado v.2024.1 (win64) Build 5076996 Wed May 22 18:37:14 MDT 2024
| Date         : Tue Sep 15 08:42:32 2026
| Host         : HAkCbOOk running 64-bit major release  (build 9200)
| Command      : report_timing_summary -max_paths 10 -report_unconstrained -file ai_memory_top_timing_summary_routed.rpt -pb ai_memory_top_timing_summary_routed.pb -rpx ai_memory_top_timing_summary_routed.rpx -warn_on_violation
| Design       : ai_memory_top
| Device       : 7z020-clg484
| Speed File   : -1  PRODUCTION 1.12 2019-11-22
| Design State : Routed
------------------------------------------------------------------------------------------------------------------------------------------------------------------------------------------------------------------------------------

Timing Summary Report

------------------------------------------------------------------------------------------------
| Timer Settings
| --------------
------------------------------------------------------------------------------------------------

  Enable Multi Corner Analysis               :  Yes
  Enable Pessimism Removal                   :  Yes
  Pessimism Removal Resolution               :  Nearest Common Node
  Enable Input Delay Default Clock           :  No
  Enable Preset / Clear Arcs                 :  No
  Disable Flight Delays                      :  No
  Ignore I/O Paths                           :  No
  Timing Early Launch at Borrowing Latches   :  No
  Borrow Time for Max Delay Exceptions       :  Yes
  Merge Timing Exceptions                    :  Yes
  Inter-SLR Compensation                     :  Conservative

  Corner  Analyze    Analyze    
  Name    Max Paths  Min Paths  
  ------  ---------  ---------  
  Slow    Yes        Yes        
  Fast    Yes        Yes        


------------------------------------------------------------------------------------------------
| Report Methodology
| ------------------
------------------------------------------------------------------------------------------------

Rule       Severity  Description                    Violations  
---------  --------  -----------------------------  ----------  
TIMING-18  Warning   Missing input or output delay  76          

Note: This report is based on the most recent report_methodology run and may not be up-to-date. Run report_methodology on the current design for the latest report.



check_timing report

Table of Contents
-----------------
1. checking no_clock (0)
2. checking constant_clock (0)
3. checking pulse_width_clock (0)
4. checking unconstrained_internal_endpoints (0)
5. checking no_input_delay (25)
6. checking no_output_delay (51)
7. checking multiple_clock (0)
8. checking generated_clocks (0)
9. checking loops (0)
10. checking partial_input_delay (0)
11. checking partial_output_delay (0)
12. checking latch_loops (0)

1. checking no_clock (0)
------------------------
 There are 0 register/latch pins with no clock.


2. checking constant_clock (0)
------------------------------
 There are 0 register/latch pins with constant_clock.


3. checking pulse_width_clock (0)
---------------------------------
 There are 0 register/latch pins which need pulse_width check


4. checking unconstrained_internal_endpoints (0)
------------------------------------------------
 There are 0 pins that are not constrained for maximum delay.

 There are 0 pins that are not constrained for maximum delay due to constant clock.


5. checking no_input_delay (25)
-------------------------------
 There are 25 input ports with no input delay specified. (HIGH)

 There are 0 input ports with no input delay but user has a false path constraint.


6. checking no_output_delay (51)
--------------------------------
 There are 51 ports with no output delay specified. (HIGH)

 There are 0 ports with no output delay but user has a false path constraint

 There are 0 ports with no output delay but with a timing clock defined on it or propagating through it


7. checking multiple_clock (0)
------------------------------
 There are 0 register/latch pins with multiple clocks.


8. checking generated_clocks (0)
--------------------------------
 There are 0 generated clocks that are not connected to a clock source.


9. checking loops (0)
---------------------
 There are 0 combinational loops in the design.


10. checking partial_input_delay (0)
------------------------------------
 There are 0 input ports with partial input delay specified.


11. checking partial_output_delay (0)
-------------------------------------
 There are 0 ports with partial output delay specified.


12. checking latch_loops (0)
----------------------------
 There are 0 combinational latch loops in the design through latch input



------------------------------------------------------------------------------------------------
| Design Timing Summary
| ---------------------
------------------------------------------------------------------------------------------------

    WNS(ns)      TNS(ns)  TNS Failing Endpoints  TNS Total Endpoints      WHS(ns)      THS(ns)  THS Failing Endpoints  THS Total Endpoints     WPWS(ns)     TPWS(ns)  TPWS Failing Endpoints  TPWS Total Endpoints  
    -------      -------  ---------------------  -------------------      -------      -------  ---------------------  -------------------     --------     --------  ----------------------  --------------------  
      1.061        0.000                      0                 2951        0.130        0.000                      0                 2951        4.500        0.000                       0                  1521  


All user specified timing constraints are met.


------------------------------------------------------------------------------------------------
| Clock Summary
| -------------
------------------------------------------------------------------------------------------------

Clock  Waveform(ns)       Period(ns)      Frequency(MHz)
-----  ------------       ----------      --------------
clk    {0.000 5.000}      10.000          100.000         


------------------------------------------------------------------------------------------------
| Intra Clock Table
| -----------------
------------------------------------------------------------------------------------------------

Clock             WNS(ns)      TNS(ns)  TNS Failing Endpoints  TNS Total Endpoints      WHS(ns)      THS(ns)  THS Failing Endpoints  THS Total Endpoints     WPWS(ns)     TPWS(ns)  TPWS Failing Endpoints  TPWS Total Endpoints  
-----             -------      -------  ---------------------  -------------------      -------      -------  ---------------------  -------------------     --------     --------  ----------------------  --------------------  
clk                 1.061        0.000                      0                 2951        0.130        0.000                      0                 2951        4.500        0.000                       0                  1521  


------------------------------------------------------------------------------------------------
| Inter Clock Table
| -----------------
------------------------------------------------------------------------------------------------

From Clock    To Clock          WNS(ns)      TNS(ns)  TNS Failing Endpoints  TNS Total Endpoints      WHS(ns)      THS(ns)  THS Failing Endpoints  THS Total Endpoints  
----------    --------          -------      -------  ---------------------  -------------------      -------      -------  ---------------------  -------------------  


------------------------------------------------------------------------------------------------
| Other Path Groups Table
| -----------------------
------------------------------------------------------------------------------------------------

Path Group    From Clock    To Clock          WNS(ns)      TNS(ns)  TNS Failing Endpoints  TNS Total Endpoints      WHS(ns)      THS(ns)  THS Failing Endpoints  THS Total Endpoints  
----------    ----------    --------          -------      -------  ---------------------  -------------------      -------      -------  ---------------------  -------------------  


------------------------------------------------------------------------------------------------
| User Ignored Path Table
| -----------------------
------------------------------------------------------------------------------------------------

Path Group    From Clock    To Clock    
----------    ----------    --------    


------------------------------------------------------------------------------------------------
| Unconstrained Path Table
| ------------------------
------------------------------------------------------------------------------------------------

Path Group    From Clock    To Clock    
----------    ----------    --------    
(none)        clk                         
(none)                      clk           


------------------------------------------------------------------------------------------------
| Timing Details
| --------------
------------------------------------------------------------------------------------------------


---------------------------------------------------------------------------------------------------
From Clock:  clk
  To Clock:  clk

Setup :            0  Failing Endpoints,  Worst Slack        1.061ns,  Total Violation        0.000ns
Hold  :            0  Failing Endpoints,  Worst Slack        0.130ns,  Total Violation        0.000ns
PW    :            0  Failing Endpoints,  Worst Slack        4.500ns,  Total Violation        0.000ns
---------------------------------------------------------------------------------------------------


Max Delay Paths
--------------------------------------------------------------------------------------
Slack (MET) :             1.061ns  (required time - arrival time)
  Source:                 perceptron_inst/weight_reg[4][1]/C
                            (rising edge-triggered cell FDRE clocked by clk  {rise@0.000ns fall@5.000ns period=10.000ns})
  Destination:            perceptron_inst/prefetch_decision_reg/D
                            (rising edge-triggered cell FDRE clocked by clk  {rise@0.000ns fall@5.000ns period=10.000ns})
  Path Group:             clk
  Path Type:              Setup (Max at Slow Process Corner)
  Requirement:            10.000ns  (clk rise@10.000ns - clk rise@0.000ns)
  Data Path Delay:        8.884ns  (logic 4.302ns (48.425%)  route 4.582ns (51.575%))
  Logic Levels:           11  (CARRY4=5 LUT3=3 LUT4=3)
  Clock Path Skew:        -0.067ns (DCD - SCD + CPR)
    Destination Clock Delay (DCD):    4.581ns = ( 14.581 - 10.000 ) 
    Source Clock Delay      (SCD):    5.105ns
    Clock Pessimism Removal (CPR):    0.457ns
  Clock Uncertainty:      0.035ns  ((TSJ^2 + TIJ^2)^1/2 + DJ) / 2 + PE
    Total System Jitter     (TSJ):    0.071ns
    Total Input Jitter      (TIJ):    0.000ns
    Discrete Jitter          (DJ):    0.000ns
    Phase Error              (PE):    0.000ns

    Location             Delay type                Incr(ns)  Path(ns)    Netlist Resource(s)
  -------------------------------------------------------------------    -------------------
                         (clock clk rise edge)        0.000     0.000 r  
    K19                                               0.000     0.000 r  clk (IN)
                         net (fo=0)                   0.000     0.000    clk
    K19                  IBUF (Prop_ibuf_I_O)         0.938     0.938 r  clk_IBUF_inst/O
                         net (fo=1, routed)           2.205     3.143    clk_IBUF
    BUFGCTRL_X0Y16       BUFG (Prop_bufg_I_O)         0.101     3.244 r  clk_IBUF_BUFG_inst/O
                         net (fo=1520, routed)        1.861     5.105    perceptron_inst/clk_IBUF_BUFG
    SLICE_X108Y90        FDRE                                         r  perceptron_inst/weight_reg[4][1]/C
  -------------------------------------------------------------------    -------------------
    SLICE_X108Y90        FDRE (Prop_fdre_C_Q)         0.518     5.623 r  perceptron_inst/weight_reg[4][1]/Q
                         net (fo=11, routed)          0.835     6.458    perceptron_inst/weight_reg[4]_4[1]
    SLICE_X109Y88        LUT4 (Prop_lut4_I2_O)        0.124     6.582 r  perceptron_inst/prefetch_decision00__56_carry_i_4/O
                         net (fo=1, routed)           0.000     6.582    perceptron_inst/prefetch_decision00__56_carry_i_4_n_0
    SLICE_X109Y88        CARRY4 (Prop_carry4_S[1]_O[2])
                                                      0.580     7.162 r  perceptron_inst/prefetch_decision00__56_carry/O[2]
                         net (fo=2, routed)           0.960     8.122    perceptron_inst/prefetch_decision00__56_carry_n_5
    SLICE_X106Y88        LUT3 (Prop_lut3_I0_O)        0.332     8.454 r  perceptron_inst/prefetch_decision00__172_carry_i_1/O
                         net (fo=2, routed)           0.690     9.144    perceptron_inst/prefetch_decision00__172_carry_i_1_n_0
    SLICE_X106Y88        LUT4 (Prop_lut4_I3_O)        0.327     9.471 r  perceptron_inst/prefetch_decision00__172_carry_i_4/O
                         net (fo=1, routed)           0.000     9.471    perceptron_inst/prefetch_decision00__172_carry_i_4_n_0
    SLICE_X106Y88        CARRY4 (Prop_carry4_S[3]_CO[3])
                                                      0.401     9.872 r  perceptron_inst/prefetch_decision00__172_carry/CO[3]
                         net (fo=1, routed)           0.000     9.872    perceptron_inst/prefetch_decision00__172_carry_n_0
    SLICE_X106Y89        CARRY4 (Prop_carry4_CI_O[0])
                                                      0.222    10.094 r  perceptron_inst/prefetch_decision00__172_carry__0/O[0]
                         net (fo=2, routed)           0.689    10.782    perceptron_inst/prefetch_decision00__172_carry__0_n_7
    SLICE_X111Y87        LUT3 (Prop_lut3_I2_O)        0.293    11.075 r  perceptron_inst/prefetch_decision00__206_carry__0_i_3/O
                         net (fo=2, routed)           0.666    11.741    perceptron_inst/prefetch_decision00__206_carry__0_i_3_n_0
    SLICE_X111Y87        LUT4 (Prop_lut4_I3_O)        0.326    12.067 r  perceptron_inst/prefetch_decision00__206_carry__0_i_7/O
                         net (fo=1, routed)           0.000    12.067    perceptron_inst/prefetch_decision00__206_carry__0_i_7_n_0
    SLICE_X111Y87        CARRY4 (Prop_carry4_S[1]_CO[3])
                                                      0.550    12.617 r  perceptron_inst/prefetch_decision00__206_carry__0/CO[3]
                         net (fo=1, routed)           0.000    12.617    perceptron_inst/prefetch_decision00__206_carry__0_n_0
    SLICE_X111Y88        CARRY4 (Prop_carry4_CI_O[3])
                                                      0.329    12.946 f  perceptron_inst/prefetch_decision00__206_carry__1/O[3]
                         net (fo=2, routed)           0.742    13.689    perceptron_inst/sum[11]
    SLICE_X111Y84        LUT3 (Prop_lut3_I0_O)        0.300    13.989 r  perceptron_inst/prefetch_decision_i_1/O
                         net (fo=1, routed)           0.000    13.989    perceptron_inst/prefetch_decision_i_1_n_0
    SLICE_X111Y84        FDRE                                         r  perceptron_inst/prefetch_decision_reg/D
  -------------------------------------------------------------------    -------------------

                         (clock clk rise edge)       10.000    10.000 r  
    K19                                               0.000    10.000 r  clk (IN)
                         net (fo=0)                   0.000    10.000    clk
    K19                  IBUF (Prop_ibuf_I_O)         0.804    10.804 r  clk_IBUF_inst/O
                         net (fo=1, routed)           2.006    12.810    clk_IBUF
    BUFGCTRL_X0Y16       BUFG (Prop_bufg_I_O)         0.091    12.901 r  clk_IBUF_BUFG_inst/O
                         net (fo=1520, routed)        1.680    14.581    perceptron_inst/clk_IBUF_BUFG
    SLICE_X111Y84        FDRE                                         r  perceptron_inst/prefetch_decision_reg/C
                         clock pessimism              0.457    15.038    
                         clock uncertainty           -0.035    15.002    
    SLICE_X111Y84        FDRE (Setup_fdre_C_D)        0.047    15.049    perceptron_inst/prefetch_decision_reg
  -------------------------------------------------------------------
                         required time                         15.049    
                         arrival time                         -13.989    
  -------------------------------------------------------------------
                         slack                                  1.061    

Slack (MET) :             2.110ns  (required time - arrival time)
  Source:                 perceptron_inst/weight_reg[4][1]/C
                            (rising edge-triggered cell FDRE clocked by clk  {rise@0.000ns fall@5.000ns period=10.000ns})
  Destination:            perceptron_inst/score_reg[11]/D
                            (rising edge-triggered cell FDRE clocked by clk  {rise@0.000ns fall@5.000ns period=10.000ns})
  Path Group:             clk
  Path Type:              Setup (Max at Slow Process Corner)
  Requirement:            10.000ns  (clk rise@10.000ns - clk rise@0.000ns)
  Data Path Delay:        7.842ns  (logic 4.002ns (51.035%)  route 3.840ns (48.965%))
  Logic Levels:           10  (CARRY4=5 LUT3=2 LUT4=3)
  Clock Path Skew:        -0.064ns (DCD - SCD + CPR)
    Destination Clock Delay (DCD):    4.584ns = ( 14.584 - 10.000 ) 
    Source Clock Delay      (SCD):    5.105ns
    Clock Pessimism Removal (CPR):    0.457ns
  Clock Uncertainty:      0.035ns  ((TSJ^2 + TIJ^2)^1/2 + DJ) / 2 + PE
    Total System Jitter     (TSJ):    0.071ns
    Total Input Jitter      (TIJ):    0.000ns
    Discrete Jitter          (DJ):    0.000ns
    Phase Error              (PE):    0.000ns

    Location             Delay type                Incr(ns)  Path(ns)    Netlist Resource(s)
  -------------------------------------------------------------------    -------------------
                         (clock clk rise edge)        0.000     0.000 r  
    K19                                               0.000     0.000 r  clk (IN)
                         net (fo=0)                   0.000     0.000    clk
    K19                  IBUF (Prop_ibuf_I_O)         0.938     0.938 r  clk_IBUF_inst/O
                         net (fo=1, routed)           2.205     3.143    clk_IBUF
    BUFGCTRL_X0Y16       BUFG (Prop_bufg_I_O)         0.101     3.244 r  clk_IBUF_BUFG_inst/O
                         net (fo=1520, routed)        1.861     5.105    perceptron_inst/clk_IBUF_BUFG
    SLICE_X108Y90        FDRE                                         r  perceptron_inst/weight_reg[4][1]/C
  -------------------------------------------------------------------    -------------------
    SLICE_X108Y90        FDRE (Prop_fdre_C_Q)         0.518     5.623 r  perceptron_inst/weight_reg[4][1]/Q
                         net (fo=11, routed)          0.835     6.458    perceptron_inst/weight_reg[4]_4[1]
    SLICE_X109Y88        LUT4 (Prop_lut4_I2_O)        0.124     6.582 r  perceptron_inst/prefetch_decision00__56_carry_i_4/O
                         net (fo=1, routed)           0.000     6.582    perceptron_inst/prefetch_decision00__56_carry_i_4_n_0
    SLICE_X109Y88        CARRY4 (Prop_carry4_S[1]_O[2])
                                                      0.580     7.162 r  perceptron_inst/prefetch_decision00__56_carry/O[2]
                         net (fo=2, routed)           0.960     8.122    perceptron_inst/prefetch_decision00__56_carry_n_5
    SLICE_X106Y88        LUT3 (Prop_lut3_I0_O)        0.332     8.454 r  perceptron_inst/prefetch_decision00__172_carry_i_1/O
                         net (fo=2, routed)           0.690     9.144    perceptron_inst/prefetch_decision00__172_carry_i_1_n_0
    SLICE_X106Y88        LUT4 (Prop_lut4_I3_O)        0.327     9.471 r  perceptron_inst/prefetch_decision00__172_carry_i_4/O
                         net (fo=1, routed)           0.000     9.471    perceptron_inst/prefetch_decision00__172_carry_i_4_n_0
    SLICE_X106Y88        CARRY4 (Prop_carry4_S[3]_CO[3])
                                                      0.401     9.872 r  perceptron_inst/prefetch_decision00__172_carry/CO[3]
                         net (fo=1, routed)           0.000     9.872    perceptron_inst/prefetch_decision00__172_carry_n_0
    SLICE_X106Y89        CARRY4 (Prop_carry4_CI_O[0])
                                                      0.222    10.094 r  perceptron_inst/prefetch_decision00__172_carry__0/O[0]
                         net (fo=2, routed)           0.689    10.782    perceptron_inst/prefetch_decision00__172_carry__0_n_7
    SLICE_X111Y87        LUT3 (Prop_lut3_I2_O)        0.293    11.075 r  perceptron_inst/prefetch_decision00__206_carry__0_i_3/O
                         net (fo=2, routed)           0.666    11.741    perceptron_inst/prefetch_decision00__206_carry__0_i_3_n_0
    SLICE_X111Y87        LUT4 (Prop_lut4_I3_O)        0.326    12.067 r  perceptron_inst/prefetch_decision00__206_carry__0_i_7/O
                         net (fo=1, routed)           0.000    12.067    perceptron_inst/prefetch_decision00__206_carry__0_i_7_n_0
    SLICE_X111Y87        CARRY4 (Prop_carry4_S[1]_CO[3])
                                                      0.550    12.617 r  perceptron_inst/prefetch_decision00__206_carry__0/CO[3]
                         net (fo=1, routed)           0.000    12.617    perceptron_inst/prefetch_decision00__206_carry__0_n_0
    SLICE_X111Y88        CARRY4 (Prop_carry4_CI_O[3])
                                                      0.329    12.946 r  perceptron_inst/prefetch_decision00__206_carry__1/O[3]
                         net (fo=2, routed)           0.000    12.946    perceptron_inst/sum[11]
    SLICE_X111Y88        FDRE                                         r  perceptron_inst/score_reg[11]/D
  -------------------------------------------------------------------    -------------------

                         (clock clk rise edge)       10.000    10.000 r  
    K19                                               0.000    10.000 r  clk (IN)
                         net (fo=0)                   0.000    10.000    clk
    K19                  IBUF (Prop_ibuf_I_O)         0.804    10.804 r  clk_IBUF_inst/O
                         net (fo=1, routed)           2.006    12.810    clk_IBUF
    BUFGCTRL_X0Y16       BUFG (Prop_bufg_I_O)         0.091    12.901 r  clk_IBUF_BUFG_inst/O
                         net (fo=1520, routed)        1.683    14.584    perceptron_inst/clk_IBUF_BUFG
    SLICE_X111Y88        FDRE                                         r  perceptron_inst/score_reg[11]/C
                         clock pessimism              0.457    15.041    
                         clock uncertainty           -0.035    15.005    
    SLICE_X111Y88        FDRE (Setup_fdre_C_D)        0.051    15.056    perceptron_inst/score_reg[11]
  -------------------------------------------------------------------
                         required time                         15.056    
                         arrival time                         -12.946    
  -------------------------------------------------------------------
                         slack                                  2.110    

Slack (MET) :             2.116ns  (required time - arrival time)
  Source:                 perceptron_inst/weight_reg[4][1]/C
                            (rising edge-triggered cell FDRE clocked by clk  {rise@0.000ns fall@5.000ns period=10.000ns})
  Destination:            perceptron_inst/score_reg[9]/D
                            (rising edge-triggered cell FDRE clocked by clk  {rise@0.000ns fall@5.000ns period=10.000ns})
  Path Group:             clk
  Path Type:              Setup (Max at Slow Process Corner)
  Requirement:            10.000ns  (clk rise@10.000ns - clk rise@0.000ns)
  Data Path Delay:        7.847ns  (logic 4.007ns (51.066%)  route 3.840ns (48.934%))
  Logic Levels:           10  (CARRY4=5 LUT3=2 LUT4=3)
  Clock Path Skew:        -0.064ns (DCD - SCD + CPR)
    Destination Clock Delay (DCD):    4.584ns = ( 14.584 - 10.000 ) 
    Source Clock Delay      (SCD):    5.105ns
    Clock Pessimism Removal (CPR):    0.457ns
  Clock Uncertainty:      0.035ns  ((TSJ^2 + TIJ^2)^1/2 + DJ) / 2 + PE
    Total System Jitter     (TSJ):    0.071ns
    Total Input Jitter      (TIJ):    0.000ns
    Discrete Jitter          (DJ):    0.000ns
    Phase Error              (PE):    0.000ns

    Location             Delay type                Incr(ns)  Path(ns)    Netlist Resource(s)
  -------------------------------------------------------------------    -------------------
                         (clock clk rise edge)        0.000     0.000 r  
    K19                                               0.000     0.000 r  clk (IN)
                         net (fo=0)                   0.000     0.000    clk
    K19                  IBUF (Prop_ibuf_I_O)         0.938     0.938 r  clk_IBUF_inst/O
                         net (fo=1, routed)           2.205     3.143    clk_IBUF
    BUFGCTRL_X0Y16       BUFG (Prop_bufg_I_O)         0.101     3.244 r  clk_IBUF_BUFG_inst/O
                         net (fo=1520, routed)        1.861     5.105    perceptron_inst/clk_IBUF_BUFG
    SLICE_X108Y90        FDRE                                         r  perceptron_inst/weight_reg[4][1]/C
  -------------------------------------------------------------------    -------------------
    SLICE_X108Y90        FDRE (Prop_fdre_C_Q)         0.518     5.623 r  perceptron_inst/weight_reg[4][1]/Q
                         net (fo=11, routed)          0.835     6.458    perceptron_inst/weight_reg[4]_4[1]
    SLICE_X109Y88        LUT4 (Prop_lut4_I2_O)        0.124     6.582 r  perceptron_inst/prefetch_decision00__56_carry_i_4/O
                         net (fo=1, routed)           0.000     6.582    perceptron_inst/prefetch_decision00__56_carry_i_4_n_0
    SLICE_X109Y88        CARRY4 (Prop_carry4_S[1]_O[2])
                                                      0.580     7.162 r  perceptron_inst/prefetch_decision00__56_carry/O[2]
                         net (fo=2, routed)           0.960     8.122    perceptron_inst/prefetch_decision00__56_carry_n_5
    SLICE_X106Y88        LUT3 (Prop_lut3_I0_O)        0.332     8.454 r  perceptron_inst/prefetch_decision00__172_carry_i_1/O
                         net (fo=2, routed)           0.690     9.144    perceptron_inst/prefetch_decision00__172_carry_i_1_n_0
    SLICE_X106Y88        LUT4 (Prop_lut4_I3_O)        0.327     9.471 r  perceptron_inst/prefetch_decision00__172_carry_i_4/O
                         net (fo=1, routed)           0.000     9.471    perceptron_inst/prefetch_decision00__172_carry_i_4_n_0
    SLICE_X106Y88        CARRY4 (Prop_carry4_S[3]_CO[3])
                                                      0.401     9.872 r  perceptron_inst/prefetch_decision00__172_carry/CO[3]
                         net (fo=1, routed)           0.000     9.872    perceptron_inst/prefetch_decision00__172_carry_n_0
    SLICE_X106Y89        CARRY4 (Prop_carry4_CI_O[0])
                                                      0.222    10.094 r  perceptron_inst/prefetch_decision00__172_carry__0/O[0]
                         net (fo=2, routed)           0.689    10.782    perceptron_inst/prefetch_decision00__172_carry__0_n_7
    SLICE_X111Y87        LUT3 (Prop_lut3_I2_O)        0.293    11.075 r  perceptron_inst/prefetch_decision00__206_carry__0_i_3/O
                         net (fo=2, routed)           0.666    11.741    perceptron_inst/prefetch_decision00__206_carry__0_i_3_n_0
    SLICE_X111Y87        LUT4 (Prop_lut4_I3_O)        0.326    12.067 r  perceptron_inst/prefetch_decision00__206_carry__0_i_7/O
                         net (fo=1, routed)           0.000    12.067    perceptron_inst/prefetch_decision00__206_carry__0_i_7_n_0
    SLICE_X111Y87        CARRY4 (Prop_carry4_S[1]_CO[3])
                                                      0.550    12.617 r  perceptron_inst/prefetch_decision00__206_carry__0/CO[3]
                         net (fo=1, routed)           0.000    12.617    perceptron_inst/prefetch_decision00__206_carry__0_n_0
    SLICE_X111Y88        CARRY4 (Prop_carry4_CI_O[1])
                                                      0.334    12.951 r  perceptron_inst/prefetch_decision00__206_carry__1/O[1]
                         net (fo=1, routed)           0.000    12.951    perceptron_inst/sum[9]
    SLICE_X111Y88        FDRE                                         r  perceptron_inst/score_reg[9]/D
  -------------------------------------------------------------------    -------------------

                         (clock clk rise edge)       10.000    10.000 r  
    K19                                               0.000    10.000 r  clk (IN)
                         net (fo=0)                   0.000    10.000    clk
    K19                  IBUF (Prop_ibuf_I_O)         0.804    10.804 r  clk_IBUF_inst/O
                         net (fo=1, routed)           2.006    12.810    clk_IBUF
    BUFGCTRL_X0Y16       BUFG (Prop_bufg_I_O)         0.091    12.901 r  clk_IBUF_BUFG_inst/O
                         net (fo=1520, routed)        1.683    14.584    perceptron_inst/clk_IBUF_BUFG
    SLICE_X111Y88        FDRE                                         r  perceptron_inst/score_reg[9]/C
                         clock pessimism              0.457    15.041    
                         clock uncertainty           -0.035    15.005    
    SLICE_X111Y88        FDRE (Setup_fdre_C_D)        0.062    15.067    perceptron_inst/score_reg[9]
  -------------------------------------------------------------------
                         required time                         15.067    
                         arrival time                         -12.951    
  -------------------------------------------------------------------
                         slack                                  2.116    

Slack (MET) :             2.211ns  (required time - arrival time)
  Source:                 perceptron_inst/weight_reg[4][1]/C
                            (rising edge-triggered cell FDRE clocked by clk  {rise@0.000ns fall@5.000ns period=10.000ns})
  Destination:            perceptron_inst/score_reg[10]/D
                            (rising edge-triggered cell FDRE clocked by clk  {rise@0.000ns fall@5.000ns period=10.000ns})
  Path Group:             clk
  Path Type:              Setup (Max at Slow Process Corner)
  Requirement:            10.000ns  (clk rise@10.000ns - clk rise@0.000ns)
  Data Path Delay:        7.752ns  (logic 3.912ns (50.467%)  route 3.840ns (49.533%))
  Logic Levels:           10  (CARRY4=5 LUT3=2 LUT4=3)
  Clock Path Skew:        -0.064ns (DCD - SCD + CPR)
    Destination Clock Delay (DCD):    4.584ns = ( 14.584 - 10.000 ) 
    Source Clock Delay      (SCD):    5.105ns
    Clock Pessimism Removal (CPR):    0.457ns
  Clock Uncertainty:      0.035ns  ((TSJ^2 + TIJ^2)^1/2 + DJ) / 2 + PE
    Total System Jitter     (TSJ):    0.071ns
    Total Input Jitter      (TIJ):    0.000ns
    Discrete Jitter          (DJ):    0.000ns
    Phase Error              (PE):    0.000ns

    Location             Delay type                Incr(ns)  Path(ns)    Netlist Resource(s)
  -------------------------------------------------------------------    -------------------
                         (clock clk rise edge)        0.000     0.000 r  
    K19                                               0.000     0.000 r  clk (IN)
                         net (fo=0)                   0.000     0.000    clk
    K19                  IBUF (Prop_ibuf_I_O)         0.938     0.938 r  clk_IBUF_inst/O
                         net (fo=1, routed)           2.205     3.143    clk_IBUF
    BUFGCTRL_X0Y16       BUFG (Prop_bufg_I_O)         0.101     3.244 r  clk_IBUF_BUFG_inst/O
                         net (fo=1520, routed)        1.861     5.105    perceptron_inst/clk_IBUF_BUFG
    SLICE_X108Y90        FDRE                                         r  perceptron_inst/weight_reg[4][1]/C
  -------------------------------------------------------------------    -------------------
    SLICE_X108Y90        FDRE (Prop_fdre_C_Q)         0.518     5.623 r  perceptron_inst/weight_reg[4][1]/Q
                         net (fo=11, routed)          0.835     6.458    perceptron_inst/weight_reg[4]_4[1]
    SLICE_X109Y88        LUT4 (Prop_lut4_I2_O)        0.124     6.582 r  perceptron_inst/prefetch_decision00__56_carry_i_4/O
                         net (fo=1, routed)           0.000     6.582    perceptron_inst/prefetch_decision00__56_carry_i_4_n_0
    SLICE_X109Y88        CARRY4 (Prop_carry4_S[1]_O[2])
                                                      0.580     7.162 r  perceptron_inst/prefetch_decision00__56_carry/O[2]
                         net (fo=2, routed)           0.960     8.122    perceptron_inst/prefetch_decision00__56_carry_n_5
    SLICE_X106Y88        LUT3 (Prop_lut3_I0_O)        0.332     8.454 r  perceptron_inst/prefetch_decision00__172_carry_i_1/O
                         net (fo=2, routed)           0.690     9.144    perceptron_inst/prefetch_decision00__172_carry_i_1_n_0
    SLICE_X106Y88        LUT4 (Prop_lut4_I3_O)        0.327     9.471 r  perceptron_inst/prefetch_decision00__172_carry_i_4/O
                         net (fo=1, routed)           0.000     9.471    perceptron_inst/prefetch_decision00__172_carry_i_4_n_0
    SLICE_X106Y88        CARRY4 (Prop_carry4_S[3]_CO[3])
                                                      0.401     9.872 r  perceptron_inst/prefetch_decision00__172_carry/CO[3]
                         net (fo=1, routed)           0.000     9.872    perceptron_inst/prefetch_decision00__172_carry_n_0
    SLICE_X106Y89        CARRY4 (Prop_carry4_CI_O[0])
                                                      0.222    10.094 r  perceptron_inst/prefetch_decision00__172_carry__0/O[0]
                         net (fo=2, routed)           0.689    10.782    perceptron_inst/prefetch_decision00__172_carry__0_n_7
    SLICE_X111Y87        LUT3 (Prop_lut3_I2_O)        0.293    11.075 r  perceptron_inst/prefetch_decision00__206_carry__0_i_3/O
                         net (fo=2, routed)           0.666    11.741    perceptron_inst/prefetch_decision00__206_carry__0_i_3_n_0
    SLICE_X111Y87        LUT4 (Prop_lut4_I3_O)        0.326    12.067 r  perceptron_inst/prefetch_decision00__206_carry__0_i_7/O
                         net (fo=1, routed)           0.000    12.067    perceptron_inst/prefetch_decision00__206_carry__0_i_7_n_0
    SLICE_X111Y87        CARRY4 (Prop_carry4_S[1]_CO[3])
                                                      0.550    12.617 r  perceptron_inst/prefetch_decision00__206_carry__0/CO[3]
                         net (fo=1, routed)           0.000    12.617    perceptron_inst/prefetch_decision00__206_carry__0_n_0
    SLICE_X111Y88        CARRY4 (Prop_carry4_CI_O[2])
                                                      0.239    12.856 r  perceptron_inst/prefetch_decision00__206_carry__1/O[2]
                         net (fo=1, routed)           0.000    12.856    perceptron_inst/sum[10]
    SLICE_X111Y88        FDRE                                         r  perceptron_inst/score_reg[10]/D
  -------------------------------------------------------------------    -------------------

                         (clock clk rise edge)       10.000    10.000 r  
    K19                                               0.000    10.000 r  clk (IN)
                         net (fo=0)                   0.000    10.000    clk
    K19                  IBUF (Prop_ibuf_I_O)         0.804    10.804 r  clk_IBUF_inst/O
                         net (fo=1, routed)           2.006    12.810    clk_IBUF
    BUFGCTRL_X0Y16       BUFG (Prop_bufg_I_O)         0.091    12.901 r  clk_IBUF_BUFG_inst/O
                         net (fo=1520, routed)        1.683    14.584    perceptron_inst/clk_IBUF_BUFG
    SLICE_X111Y88        FDRE                                         r  perceptron_inst/score_reg[10]/C
                         clock pessimism              0.457    15.041    
                         clock uncertainty           -0.035    15.005    
    SLICE_X111Y88        FDRE (Setup_fdre_C_D)        0.062    15.067    perceptron_inst/score_reg[10]
  -------------------------------------------------------------------
                         required time                         15.067    
                         arrival time                         -12.856    
  -------------------------------------------------------------------
                         slack                                  2.211    

Slack (MET) :             2.227ns  (required time - arrival time)
  Source:                 perceptron_inst/weight_reg[4][1]/C
                            (rising edge-triggered cell FDRE clocked by clk  {rise@0.000ns fall@5.000ns period=10.000ns})
  Destination:            perceptron_inst/score_reg[8]/D
                            (rising edge-triggered cell FDRE clocked by clk  {rise@0.000ns fall@5.000ns period=10.000ns})
  Path Group:             clk
  Path Type:              Setup (Max at Slow Process Corner)
  Requirement:            10.000ns  (clk rise@10.000ns - clk rise@0.000ns)
  Data Path Delay:        7.736ns  (logic 3.896ns (50.364%)  route 3.840ns (49.636%))
  Logic Levels:           10  (CARRY4=5 LUT3=2 LUT4=3)
  Clock Path Skew:        -0.064ns (DCD - SCD + CPR)
    Destination Clock Delay (DCD):    4.584ns = ( 14.584 - 10.000 ) 
    Source Clock Delay      (SCD):    5.105ns
    Clock Pessimism Removal (CPR):    0.457ns
  Clock Uncertainty:      0.035ns  ((TSJ^2 + TIJ^2)^1/2 + DJ) / 2 + PE
    Total System Jitter     (TSJ):    0.071ns
    Total Input Jitter      (TIJ):    0.000ns
    Discrete Jitter          (DJ):    0.000ns
    Phase Error              (PE):    0.000ns

    Location             Delay type                Incr(ns)  Path(ns)    Netlist Resource(s)
  -------------------------------------------------------------------    -------------------
                         (clock clk rise edge)        0.000     0.000 r  
    K19                                               0.000     0.000 r  clk (IN)
                         net (fo=0)                   0.000     0.000    clk
    K19                  IBUF (Prop_ibuf_I_O)         0.938     0.938 r  clk_IBUF_inst/O
                         net (fo=1, routed)           2.205     3.143    clk_IBUF
    BUFGCTRL_X0Y16       BUFG (Prop_bufg_I_O)         0.101     3.244 r  clk_IBUF_BUFG_inst/O
                         net (fo=1520, routed)        1.861     5.105    perceptron_inst/clk_IBUF_BUFG
    SLICE_X108Y90        FDRE                                         r  perceptron_inst/weight_reg[4][1]/C
  -------------------------------------------------------------------    -------------------
    SLICE_X108Y90        FDRE (Prop_fdre_C_Q)         0.518     5.623 r  perceptron_inst/weight_reg[4][1]/Q
                         net (fo=11, routed)          0.835     6.458    perceptron_inst/weight_reg[4]_4[1]
    SLICE_X109Y88        LUT4 (Prop_lut4_I2_O)        0.124     6.582 r  perceptron_inst/prefetch_decision00__56_carry_i_4/O
                         net (fo=1, routed)           0.000     6.582    perceptron_inst/prefetch_decision00__56_carry_i_4_n_0
    SLICE_X109Y88        CARRY4 (Prop_carry4_S[1]_O[2])
                                                      0.580     7.162 r  perceptron_inst/prefetch_decision00__56_carry/O[2]
                         net (fo=2, routed)           0.960     8.122    perceptron_inst/prefetch_decision00__56_carry_n_5
    SLICE_X106Y88        LUT3 (Prop_lut3_I0_O)        0.332     8.454 r  perceptron_inst/prefetch_decision00__172_carry_i_1/O
                         net (fo=2, routed)           0.690     9.144    perceptron_inst/prefetch_decision00__172_carry_i_1_n_0
    SLICE_X106Y88        LUT4 (Prop_lut4_I3_O)        0.327     9.471 r  perceptron_inst/prefetch_decision00__172_carry_i_4/O
                         net (fo=1, routed)           0.000     9.471    perceptron_inst/prefetch_decision00__172_carry_i_4_n_0
    SLICE_X106Y88        CARRY4 (Prop_carry4_S[3]_CO[3])
                                                      0.401     9.872 r  perceptron_inst/prefetch_decision00__172_carry/CO[3]
                         net (fo=1, routed)           0.000     9.872    perceptron_inst/prefetch_decision00__172_carry_n_0
    SLICE_X106Y89        CARRY4 (Prop_carry4_CI_O[0])
                                                      0.222    10.094 r  perceptron_inst/prefetch_decision00__172_carry__0/O[0]
                         net (fo=2, routed)           0.689    10.782    perceptron_inst/prefetch_decision00__172_carry__0_n_7
    SLICE_X111Y87        LUT3 (Prop_lut3_I2_O)        0.293    11.075 r  perceptron_inst/prefetch_decision00__206_carry__0_i_3/O
                         net (fo=2, routed)           0.666    11.741    perceptron_inst/prefetch_decision00__206_carry__0_i_3_n_0
    SLICE_X111Y87        LUT4 (Prop_lut4_I3_O)        0.326    12.067 r  perceptron_inst/prefetch_decision00__206_carry__0_i_7/O
                         net (fo=1, routed)           0.000    12.067    perceptron_inst/prefetch_decision00__206_carry__0_i_7_n_0
    SLICE_X111Y87        CARRY4 (Prop_carry4_S[1]_CO[3])
                                                      0.550    12.617 r  perceptron_inst/prefetch_decision00__206_carry__0/CO[3]
                         net (fo=1, routed)           0.000    12.617    perceptron_inst/prefetch_decision00__206_carry__0_n_0
    SLICE_X111Y88        CARRY4 (Prop_carry4_CI_O[0])
                                                      0.223    12.840 r  perceptron_inst/prefetch_decision00__206_carry__1/O[0]
                         net (fo=1, routed)           0.000    12.840    perceptron_inst/sum[8]
    SLICE_X111Y88        FDRE                                         r  perceptron_inst/score_reg[8]/D
  -------------------------------------------------------------------    -------------------

                         (clock clk rise edge)       10.000    10.000 r  
    K19                                               0.000    10.000 r  clk (IN)
                         net (fo=0)                   0.000    10.000    clk
    K19                  IBUF (Prop_ibuf_I_O)         0.804    10.804 r  clk_IBUF_inst/O
                         net (fo=1, routed)           2.006    12.810    clk_IBUF
    BUFGCTRL_X0Y16       BUFG (Prop_bufg_I_O)         0.091    12.901 r  clk_IBUF_BUFG_inst/O
                         net (fo=1520, routed)        1.683    14.584    perceptron_inst/clk_IBUF_BUFG
    SLICE_X111Y88        FDRE                                         r  perceptron_inst/score_reg[8]/C
                         clock pessimism              0.457    15.041    
                         clock uncertainty           -0.035    15.005    
    SLICE_X111Y88        FDRE (Setup_fdre_C_D)        0.062    15.067    perceptron_inst/score_reg[8]
  -------------------------------------------------------------------
                         required time                         15.067    
                         arrival time                         -12.840    
  -------------------------------------------------------------------
                         slack                                  2.227    

Slack (MET) :             2.359ns  (required time - arrival time)
  Source:                 perceptron_inst/weight_reg[4][1]/C
                            (rising edge-triggered cell FDRE clocked by clk  {rise@0.000ns fall@5.000ns period=10.000ns})
  Destination:            perceptron_inst/score_reg[7]/D
                            (rising edge-triggered cell FDRE clocked by clk  {rise@0.000ns fall@5.000ns period=10.000ns})
  Path Group:             clk
  Path Type:              Setup (Max at Slow Process Corner)
  Requirement:            10.000ns  (clk rise@10.000ns - clk rise@0.000ns)
  Data Path Delay:        7.603ns  (logic 3.763ns (49.496%)  route 3.840ns (50.504%))
  Logic Levels:           9  (CARRY4=4 LUT3=2 LUT4=3)
  Clock Path Skew:        -0.065ns (DCD - SCD + CPR)
    Destination Clock Delay (DCD):    4.583ns = ( 14.583 - 10.000 ) 
    Source Clock Delay      (SCD):    5.105ns
    Clock Pessimism Removal (CPR):    0.457ns
  Clock Uncertainty:      0.035ns  ((TSJ^2 + TIJ^2)^1/2 + DJ) / 2 + PE
    Total System Jitter     (TSJ):    0.071ns
    Total Input Jitter      (TIJ):    0.000ns
    Discrete Jitter          (DJ):    0.000ns
    Phase Error              (PE):    0.000ns

    Location             Delay type                Incr(ns)  Path(ns)    Netlist Resource(s)
  -------------------------------------------------------------------    -------------------
                         (clock clk rise edge)        0.000     0.000 r  
    K19                                               0.000     0.000 r  clk (IN)
                         net (fo=0)                   0.000     0.000    clk
    K19                  IBUF (Prop_ibuf_I_O)         0.938     0.938 r  clk_IBUF_inst/O
                         net (fo=1, routed)           2.205     3.143    clk_IBUF
    BUFGCTRL_X0Y16       BUFG (Prop_bufg_I_O)         0.101     3.244 r  clk_IBUF_BUFG_inst/O
                         net (fo=1520, routed)        1.861     5.105    perceptron_inst/clk_IBUF_BUFG
    SLICE_X108Y90        FDRE                                         r  perceptron_inst/weight_reg[4][1]/C
  -------------------------------------------------------------------    -------------------
    SLICE_X108Y90        FDRE (Prop_fdre_C_Q)         0.518     5.623 r  perceptron_inst/weight_reg[4][1]/Q
                         net (fo=11, routed)          0.835     6.458    perceptron_inst/weight_reg[4]_4[1]
    SLICE_X109Y88        LUT4 (Prop_lut4_I2_O)        0.124     6.582 r  perceptron_inst/prefetch_decision00__56_carry_i_4/O
                         net (fo=1, routed)           0.000     6.582    perceptron_inst/prefetch_decision00__56_carry_i_4_n_0
    SLICE_X109Y88        CARRY4 (Prop_carry4_S[1]_O[2])
                                                      0.580     7.162 r  perceptron_inst/prefetch_decision00__56_carry/O[2]
                         net (fo=2, routed)           0.960     8.122    perceptron_inst/prefetch_decision00__56_carry_n_5
    SLICE_X106Y88        LUT3 (Prop_lut3_I0_O)        0.332     8.454 r  perceptron_inst/prefetch_decision00__172_carry_i_1/O
                         net (fo=2, routed)           0.690     9.144    perceptron_inst/prefetch_decision00__172_carry_i_1_n_0
    SLICE_X106Y88        LUT4 (Prop_lut4_I3_O)        0.327     9.471 r  perceptron_inst/prefetch_decision00__172_carry_i_4/O
                         net (fo=1, routed)           0.000     9.471    perceptron_inst/prefetch_decision00__172_carry_i_4_n_0
    SLICE_X106Y88        CARRY4 (Prop_carry4_S[3]_CO[3])
                                                      0.401     9.872 r  perceptron_inst/prefetch_decision00__172_carry/CO[3]
                         net (fo=1, routed)           0.000     9.872    perceptron_inst/prefetch_decision00__172_carry_n_0
    SLICE_X106Y89        CARRY4 (Prop_carry4_CI_O[0])
                                                      0.222    10.094 r  perceptron_inst/prefetch_decision00__172_carry__0/O[0]
                         net (fo=2, routed)           0.689    10.782    perceptron_inst/prefetch_decision00__172_carry__0_n_7
    SLICE_X111Y87        LUT3 (Prop_lut3_I2_O)        0.293    11.075 r  perceptron_inst/prefetch_decision00__206_carry__0_i_3/O
                         net (fo=2, routed)           0.666    11.741    perceptron_inst/prefetch_decision00__206_carry__0_i_3_n_0
    SLICE_X111Y87        LUT4 (Prop_lut4_I3_O)        0.326    12.067 r  perceptron_inst/prefetch_decision00__206_carry__0_i_7/O
                         net (fo=1, routed)           0.000    12.067    perceptron_inst/prefetch_decision00__206_carry__0_i_7_n_0
    SLICE_X111Y87        CARRY4 (Prop_carry4_S[1]_O[3])
                                                      0.640    12.707 r  perceptron_inst/prefetch_decision00__206_carry__0/O[3]
                         net (fo=1, routed)           0.000    12.707    perceptron_inst/sum[7]
    SLICE_X111Y87        FDRE                                         r  perceptron_inst/score_reg[7]/D
  -------------------------------------------------------------------    -------------------

                         (clock clk rise edge)       10.000    10.000 r  
    K19                                               0.000    10.000 r  clk (IN)
                         net (fo=0)                   0.000    10.000    clk
    K19                  IBUF (Prop_ibuf_I_O)         0.804    10.804 r  clk_IBUF_inst/O
                         net (fo=1, routed)           2.006    12.810    clk_IBUF
    BUFGCTRL_X0Y16       BUFG (Prop_bufg_I_O)         0.091    12.901 r  clk_IBUF_BUFG_inst/O
                         net (fo=1520, routed)        1.682    14.583    perceptron_inst/clk_IBUF_BUFG
    SLICE_X111Y87        FDRE                                         r  perceptron_inst/score_reg[7]/C
                         clock pessimism              0.457    15.040    
                         clock uncertainty           -0.035    15.004    
    SLICE_X111Y87        FDRE (Setup_fdre_C_D)        0.062    15.066    perceptron_inst/score_reg[7]
  -------------------------------------------------------------------
                         required time                         15.066    
                         arrival time                         -12.707    
  -------------------------------------------------------------------
                         slack                                  2.359    

Slack (MET) :             2.419ns  (required time - arrival time)
  Source:                 perceptron_inst/weight_reg[4][1]/C
                            (rising edge-triggered cell FDRE clocked by clk  {rise@0.000ns fall@5.000ns period=10.000ns})
  Destination:            perceptron_inst/score_reg[6]/D
                            (rising edge-triggered cell FDRE clocked by clk  {rise@0.000ns fall@5.000ns period=10.000ns})
  Path Group:             clk
  Path Type:              Setup (Max at Slow Process Corner)
  Requirement:            10.000ns  (clk rise@10.000ns - clk rise@0.000ns)
  Data Path Delay:        7.543ns  (logic 3.703ns (49.094%)  route 3.840ns (50.906%))
  Logic Levels:           9  (CARRY4=4 LUT3=2 LUT4=3)
  Clock Path Skew:        -0.065ns (DCD - SCD + CPR)
    Destination Clock Delay (DCD):    4.583ns = ( 14.583 - 10.000 ) 
    Source Clock Delay      (SCD):    5.105ns
    Clock Pessimism Removal (CPR):    0.457ns
  Clock Uncertainty:      0.035ns  ((TSJ^2 + TIJ^2)^1/2 + DJ) / 2 + PE
    Total System Jitter     (TSJ):    0.071ns
    Total Input Jitter      (TIJ):    0.000ns
    Discrete Jitter          (DJ):    0.000ns
    Phase Error              (PE):    0.000ns

    Location             Delay type                Incr(ns)  Path(ns)    Netlist Resource(s)
  -------------------------------------------------------------------    -------------------
                         (clock clk rise edge)        0.000     0.000 r  
    K19                                               0.000     0.000 r  clk (IN)
                         net (fo=0)                   0.000     0.000    clk
    K19                  IBUF (Prop_ibuf_I_O)         0.938     0.938 r  clk_IBUF_inst/O
                         net (fo=1, routed)           2.205     3.143    clk_IBUF
    BUFGCTRL_X0Y16       BUFG (Prop_bufg_I_O)         0.101     3.244 r  clk_IBUF_BUFG_inst/O
                         net (fo=1520, routed)        1.861     5.105    perceptron_inst/clk_IBUF_BUFG
    SLICE_X108Y90        FDRE                                         r  perceptron_inst/weight_reg[4][1]/C
  -------------------------------------------------------------------    -------------------
    SLICE_X108Y90        FDRE (Prop_fdre_C_Q)         0.518     5.623 r  perceptron_inst/weight_reg[4][1]/Q
                         net (fo=11, routed)          0.835     6.458    perceptron_inst/weight_reg[4]_4[1]
    SLICE_X109Y88        LUT4 (Prop_lut4_I2_O)        0.124     6.582 r  perceptron_inst/prefetch_decision00__56_carry_i_4/O
                         net (fo=1, routed)           0.000     6.582    perceptron_inst/prefetch_decision00__56_carry_i_4_n_0
    SLICE_X109Y88        CARRY4 (Prop_carry4_S[1]_O[2])
                                                      0.580     7.162 r  perceptron_inst/prefetch_decision00__56_carry/O[2]
                         net (fo=2, routed)           0.960     8.122    perceptron_inst/prefetch_decision00__56_carry_n_5
    SLICE_X106Y88        LUT3 (Prop_lut3_I0_O)        0.332     8.454 r  perceptron_inst/prefetch_decision00__172_carry_i_1/O
                         net (fo=2, routed)           0.690     9.144    perceptron_inst/prefetch_decision00__172_carry_i_1_n_0
    SLICE_X106Y88        LUT4 (Prop_lut4_I3_O)        0.327     9.471 r  perceptron_inst/prefetch_decision00__172_carry_i_4/O
                         net (fo=1, routed)           0.000     9.471    perceptron_inst/prefetch_decision00__172_carry_i_4_n_0
    SLICE_X106Y88        CARRY4 (Prop_carry4_S[3]_CO[3])
                                                      0.401     9.872 r  perceptron_inst/prefetch_decision00__172_carry/CO[3]
                         net (fo=1, routed)           0.000     9.872    perceptron_inst/prefetch_decision00__172_carry_n_0
    SLICE_X106Y89        CARRY4 (Prop_carry4_CI_O[0])
                                                      0.222    10.094 r  perceptron_inst/prefetch_decision00__172_carry__0/O[0]
                         net (fo=2, routed)           0.689    10.782    perceptron_inst/prefetch_decision00__172_carry__0_n_7
    SLICE_X111Y87        LUT3 (Prop_lut3_I2_O)        0.293    11.075 r  perceptron_inst/prefetch_decision00__206_carry__0_i_3/O
                         net (fo=2, routed)           0.666    11.741    perceptron_inst/prefetch_decision00__206_carry__0_i_3_n_0
    SLICE_X111Y87        LUT4 (Prop_lut4_I3_O)        0.326    12.067 r  perceptron_inst/prefetch_decision00__206_carry__0_i_7/O
                         net (fo=1, routed)           0.000    12.067    perceptron_inst/prefetch_decision00__206_carry__0_i_7_n_0
    SLICE_X111Y87        CARRY4 (Prop_carry4_S[1]_O[2])
                                                      0.580    12.647 r  perceptron_inst/prefetch_decision00__206_carry__0/O[2]
                         net (fo=1, routed)           0.000    12.647    perceptron_inst/sum[6]
    SLICE_X111Y87        FDRE                                         r  perceptron_inst/score_reg[6]/D
  -------------------------------------------------------------------    -------------------

                         (clock clk rise edge)       10.000    10.000 r  
    K19                                               0.000    10.000 r  clk (IN)
                         net (fo=0)                   0.000    10.000    clk
    K19                  IBUF (Prop_ibuf_I_O)         0.804    10.804 r  clk_IBUF_inst/O
                         net (fo=1, routed)           2.006    12.810    clk_IBUF
    BUFGCTRL_X0Y16       BUFG (Prop_bufg_I_O)         0.091    12.901 r  clk_IBUF_BUFG_inst/O
                         net (fo=1520, routed)        1.682    14.583    perceptron_inst/clk_IBUF_BUFG
    SLICE_X111Y87        FDRE                                         r  perceptron_inst/score_reg[6]/C
                         clock pessimism              0.457    15.040    
                         clock uncertainty           -0.035    15.004    
    SLICE_X111Y87        FDRE (Setup_fdre_C_D)        0.062    15.066    perceptron_inst/score_reg[6]
  -------------------------------------------------------------------
                         required time                         15.066    
                         arrival time                         -12.647    
  -------------------------------------------------------------------
                         slack                                  2.419    

Slack (MET) :             2.772ns  (required time - arrival time)
  Source:                 perceptron_inst/weight_reg[4][1]/C
                            (rising edge-triggered cell FDRE clocked by clk  {rise@0.000ns fall@5.000ns period=10.000ns})
  Destination:            perceptron_inst/score_reg[5]/D
                            (rising edge-triggered cell FDRE clocked by clk  {rise@0.000ns fall@5.000ns period=10.000ns})
  Path Group:             clk
  Path Type:              Setup (Max at Slow Process Corner)
  Requirement:            10.000ns  (clk rise@10.000ns - clk rise@0.000ns)
  Data Path Delay:        7.190ns  (logic 3.350ns (46.595%)  route 3.840ns (53.405%))
  Logic Levels:           9  (CARRY4=4 LUT3=2 LUT4=3)
  Clock Path Skew:        -0.065ns (DCD - SCD + CPR)
    Destination Clock Delay (DCD):    4.583ns = ( 14.583 - 10.000 ) 
    Source Clock Delay      (SCD):    5.105ns
    Clock Pessimism Removal (CPR):    0.457ns
  Clock Uncertainty:      0.035ns  ((TSJ^2 + TIJ^2)^1/2 + DJ) / 2 + PE
    Total System Jitter     (TSJ):    0.071ns
    Total Input Jitter      (TIJ):    0.000ns
    Discrete Jitter          (DJ):    0.000ns
    Phase Error              (PE):    0.000ns

    Location             Delay type                Incr(ns)  Path(ns)    Netlist Resource(s)
  -------------------------------------------------------------------    -------------------
                         (clock clk rise edge)        0.000     0.000 r  
    K19                                               0.000     0.000 r  clk (IN)
                         net (fo=0)                   0.000     0.000    clk
    K19                  IBUF (Prop_ibuf_I_O)         0.938     0.938 r  clk_IBUF_inst/O
                         net (fo=1, routed)           2.205     3.143    clk_IBUF
    BUFGCTRL_X0Y16       BUFG (Prop_bufg_I_O)         0.101     3.244 r  clk_IBUF_BUFG_inst/O
                         net (fo=1520, routed)        1.861     5.105    perceptron_inst/clk_IBUF_BUFG
    SLICE_X108Y90        FDRE                                         r  perceptron_inst/weight_reg[4][1]/C
  -------------------------------------------------------------------    -------------------
    SLICE_X108Y90        FDRE (Prop_fdre_C_Q)         0.518     5.623 r  perceptron_inst/weight_reg[4][1]/Q
                         net (fo=11, routed)          0.835     6.458    perceptron_inst/weight_reg[4]_4[1]
    SLICE_X109Y88        LUT4 (Prop_lut4_I2_O)        0.124     6.582 r  perceptron_inst/prefetch_decision00__56_carry_i_4/O
                         net (fo=1, routed)           0.000     6.582    perceptron_inst/prefetch_decision00__56_carry_i_4_n_0
    SLICE_X109Y88        CARRY4 (Prop_carry4_S[1]_O[2])
                                                      0.580     7.162 r  perceptron_inst/prefetch_decision00__56_carry/O[2]
                         net (fo=2, routed)           0.960     8.122    perceptron_inst/prefetch_decision00__56_carry_n_5
    SLICE_X106Y88        LUT3 (Prop_lut3_I0_O)        0.332     8.454 r  perceptron_inst/prefetch_decision00__172_carry_i_1/O
                         net (fo=2, routed)           0.690     9.144    perceptron_inst/prefetch_decision00__172_carry_i_1_n_0
    SLICE_X106Y88        LUT4 (Prop_lut4_I3_O)        0.327     9.471 r  perceptron_inst/prefetch_decision00__172_carry_i_4/O
                         net (fo=1, routed)           0.000     9.471    perceptron_inst/prefetch_decision00__172_carry_i_4_n_0
    SLICE_X106Y88        CARRY4 (Prop_carry4_S[3]_CO[3])
                                                      0.401     9.872 r  perceptron_inst/prefetch_decision00__172_carry/CO[3]
                         net (fo=1, routed)           0.000     9.872    perceptron_inst/prefetch_decision00__172_carry_n_0
    SLICE_X106Y89        CARRY4 (Prop_carry4_CI_O[0])
                                                      0.222    10.094 r  perceptron_inst/prefetch_decision00__172_carry__0/O[0]
                         net (fo=2, routed)           0.689    10.782    perceptron_inst/prefetch_decision00__172_carry__0_n_7
    SLICE_X111Y87        LUT3 (Prop_lut3_I2_O)        0.293    11.075 r  perceptron_inst/prefetch_decision00__206_carry__0_i_3/O
                         net (fo=2, routed)           0.666    11.741    perceptron_inst/prefetch_decision00__206_carry__0_i_3_n_0
    SLICE_X111Y87        LUT4 (Prop_lut4_I3_O)        0.326    12.067 r  perceptron_inst/prefetch_decision00__206_carry__0_i_7/O
                         net (fo=1, routed)           0.000    12.067    perceptron_inst/prefetch_decision00__206_carry__0_i_7_n_0
    SLICE_X111Y87        CARRY4 (Prop_carry4_S[1]_O[1])
                                                      0.227    12.294 r  perceptron_inst/prefetch_decision00__206_carry__0/O[1]
                         net (fo=1, routed)           0.000    12.294    perceptron_inst/sum[5]
    SLICE_X111Y87        FDRE                                         r  perceptron_inst/score_reg[5]/D
  -------------------------------------------------------------------    -------------------

                         (clock clk rise edge)       10.000    10.000 r  
    K19                                               0.000    10.000 r  clk (IN)
                         net (fo=0)                   0.000    10.000    clk
    K19                  IBUF (Prop_ibuf_I_O)         0.804    10.804 r  clk_IBUF_inst/O
                         net (fo=1, routed)           2.006    12.810    clk_IBUF
    BUFGCTRL_X0Y16       BUFG (Prop_bufg_I_O)         0.091    12.901 r  clk_IBUF_BUFG_inst/O
                         net (fo=1520, routed)        1.682    14.583    perceptron_inst/clk_IBUF_BUFG
    SLICE_X111Y87        FDRE                                         r  perceptron_inst/score_reg[5]/C
                         clock pessimism              0.457    15.040    
                         clock uncertainty           -0.035    15.004    
    SLICE_X111Y87        FDRE (Setup_fdre_C_D)        0.062    15.066    perceptron_inst/score_reg[5]
  -------------------------------------------------------------------
                         required time                         15.066    
                         arrival time                         -12.294    
  -------------------------------------------------------------------
                         slack                                  2.772    

Slack (MET) :             3.014ns  (required time - arrival time)
  Source:                 perceptron_inst/weight_reg[2][0]/C
                            (rising edge-triggered cell FDRE clocked by clk  {rise@0.000ns fall@5.000ns period=10.000ns})
  Destination:            perceptron_inst/score_reg[4]/D
                            (rising edge-triggered cell FDRE clocked by clk  {rise@0.000ns fall@5.000ns period=10.000ns})
  Path Group:             clk
  Path Type:              Setup (Max at Slow Process Corner)
  Requirement:            10.000ns  (clk rise@10.000ns - clk rise@0.000ns)
  Data Path Delay:        7.025ns  (logic 3.543ns (50.432%)  route 3.482ns (49.568%))
  Logic Levels:           9  (CARRY4=4 LUT2=1 LUT3=2 LUT4=2)
  Clock Path Skew:        0.013ns (DCD - SCD + CPR)
    Destination Clock Delay (DCD):    4.583ns = ( 14.583 - 10.000 ) 
    Source Clock Delay      (SCD):    5.027ns
    Clock Pessimism Removal (CPR):    0.457ns
  Clock Uncertainty:      0.035ns  ((TSJ^2 + TIJ^2)^1/2 + DJ) / 2 + PE
    Total System Jitter     (TSJ):    0.071ns
    Total Input Jitter      (TIJ):    0.000ns
    Discrete Jitter          (DJ):    0.000ns
    Phase Error              (PE):    0.000ns

    Location             Delay type                Incr(ns)  Path(ns)    Netlist Resource(s)
  -------------------------------------------------------------------    -------------------
                         (clock clk rise edge)        0.000     0.000 r  
    K19                                               0.000     0.000 r  clk (IN)
                         net (fo=0)                   0.000     0.000    clk
    K19                  IBUF (Prop_ibuf_I_O)         0.938     0.938 r  clk_IBUF_inst/O
                         net (fo=1, routed)           2.205     3.143    clk_IBUF
    BUFGCTRL_X0Y16       BUFG (Prop_bufg_I_O)         0.101     3.244 r  clk_IBUF_BUFG_inst/O
                         net (fo=1520, routed)        1.783     5.027    perceptron_inst/clk_IBUF_BUFG
    SLICE_X103Y89        FDRE                                         r  perceptron_inst/weight_reg[2][0]/C
  -------------------------------------------------------------------    -------------------
    SLICE_X103Y89        FDRE (Prop_fdre_C_Q)         0.456     5.483 r  perceptron_inst/weight_reg[2][0]/Q
                         net (fo=11, routed)          0.519     6.002    perceptron_inst/weight_reg[2]_2[0]
    SLICE_X104Y89        LUT2 (Prop_lut2_I1_O)        0.124     6.126 r  perceptron_inst/prefetch_decision00__80_carry_i_1/O
                         net (fo=1, routed)           0.379     6.505    perceptron_inst/prefetch_decision00__80_carry_i_1_n_0
    SLICE_X105Y89        CARRY4 (Prop_carry4_CYINIT_O[0])
                                                      0.482     6.987 r  perceptron_inst/prefetch_decision00__80_carry/O[0]
                         net (fo=2, routed)           0.796     7.782    perceptron_inst/prefetch_decision00__80_carry_n_7
    SLICE_X106Y88        LUT3 (Prop_lut3_I2_O)        0.293     8.075 r  perceptron_inst/prefetch_decision00__172_carry_i_3/O
                         net (fo=2, routed)           0.484     8.559    perceptron_inst/prefetch_decision00__172_carry_i_3_n_0
    SLICE_X106Y88        LUT4 (Prop_lut4_I3_O)        0.326     8.885 r  perceptron_inst/prefetch_decision00__172_carry_i_6/O
                         net (fo=1, routed)           0.000     8.885    perceptron_inst/prefetch_decision00__172_carry_i_6_n_0
    SLICE_X106Y88        CARRY4 (Prop_carry4_S[1]_O[2])
                                                      0.580     9.465 r  perceptron_inst/prefetch_decision00__172_carry/O[2]
                         net (fo=2, routed)           0.718    10.183    perceptron_inst/prefetch_decision00__172_carry_n_5
    SLICE_X111Y86        LUT3 (Prop_lut3_I2_O)        0.331    10.514 r  perceptron_inst/prefetch_decision00__206_carry_i_1/O
                         net (fo=2, routed)           0.586    11.101    perceptron_inst/prefetch_decision00__206_carry_i_1_n_0
    SLICE_X111Y86        LUT4 (Prop_lut4_I3_O)        0.327    11.428 r  perceptron_inst/prefetch_decision00__206_carry_i_4/O
                         net (fo=1, routed)           0.000    11.428    perceptron_inst/prefetch_decision00__206_carry_i_4_n_0
    SLICE_X111Y86        CARRY4 (Prop_carry4_S[3]_CO[3])
                                                      0.401    11.829 r  perceptron_inst/prefetch_decision00__206_carry/CO[3]
                         net (fo=1, routed)           0.000    11.829    perceptron_inst/prefetch_decision00__206_carry_n_0
    SLICE_X111Y87        CARRY4 (Prop_carry4_CI_O[0])
                                                      0.223    12.052 r  perceptron_inst/prefetch_decision00__206_carry__0/O[0]
                         net (fo=1, routed)           0.000    12.052    perceptron_inst/sum[4]
    SLICE_X111Y87        FDRE                                         r  perceptron_inst/score_reg[4]/D
  -------------------------------------------------------------------    -------------------

                         (clock clk rise edge)       10.000    10.000 r  
    K19                                               0.000    10.000 r  clk (IN)
                         net (fo=0)                   0.000    10.000    clk
    K19                  IBUF (Prop_ibuf_I_O)         0.804    10.804 r  clk_IBUF_inst/O
                         net (fo=1, routed)           2.006    12.810    clk_IBUF
    BUFGCTRL_X0Y16       BUFG (Prop_bufg_I_O)         0.091    12.901 r  clk_IBUF_BUFG_inst/O
                         net (fo=1520, routed)        1.682    14.583    perceptron_inst/clk_IBUF_BUFG
    SLICE_X111Y87        FDRE                                         r  perceptron_inst/score_reg[4]/C
                         clock pessimism              0.457    15.040    
                         clock uncertainty           -0.035    15.004    
    SLICE_X111Y87        FDRE (Setup_fdre_C_D)        0.062    15.066    perceptron_inst/score_reg[4]
  -------------------------------------------------------------------
                         required time                         15.066    
                         arrival time                         -12.052    
  -------------------------------------------------------------------
                         slack                                  3.014    

Slack (MET) :             3.318ns  (required time - arrival time)
  Source:                 cache_lookup_addr_reg[3]/C
                            (rising edge-triggered cell FDRE clocked by clk  {rise@0.000ns fall@5.000ns period=10.000ns})
  Destination:            predictor_inst/candidate_valid_reg_lopt_replica/D
                            (rising edge-triggered cell FDRE clocked by clk  {rise@0.000ns fall@5.000ns period=10.000ns})
  Path Group:             clk
  Path Type:              Setup (Max at Slow Process Corner)
  Requirement:            10.000ns  (clk rise@10.000ns - clk rise@0.000ns)
  Data Path Delay:        6.307ns  (logic 2.515ns (39.875%)  route 3.792ns (60.125%))
  Logic Levels:           7  (CARRY4=3 LUT2=2 LUT3=1 LUT6=1)
  Clock Path Skew:        -0.050ns (DCD - SCD + CPR)
    Destination Clock Delay (DCD):    4.508ns = ( 14.508 - 10.000 ) 
    Source Clock Delay      (SCD):    5.015ns
    Clock Pessimism Removal (CPR):    0.457ns
  Clock Uncertainty:      0.035ns  ((TSJ^2 + TIJ^2)^1/2 + DJ) / 2 + PE
    Total System Jitter     (TSJ):    0.071ns
    Total Input Jitter      (TIJ):    0.000ns
    Discrete Jitter          (DJ):    0.000ns
    Phase Error              (PE):    0.000ns

    Location             Delay type                Incr(ns)  Path(ns)    Netlist Resource(s)
  -------------------------------------------------------------------    -------------------
                         (clock clk rise edge)        0.000     0.000 r  
    K19                                               0.000     0.000 r  clk (IN)
                         net (fo=0)                   0.000     0.000    clk
    K19                  IBUF (Prop_ibuf_I_O)         0.938     0.938 r  clk_IBUF_inst/O
                         net (fo=1, routed)           2.205     3.143    clk_IBUF
    BUFGCTRL_X0Y16       BUFG (Prop_bufg_I_O)         0.101     3.244 r  clk_IBUF_BUFG_inst/O
                         net (fo=1520, routed)        1.771     5.015    clk_IBUF_BUFG
    SLICE_X103Y78        FDRE                                         r  cache_lookup_addr_reg[3]/C
  -------------------------------------------------------------------    -------------------
    SLICE_X103Y78        FDRE (Prop_fdre_C_Q)         0.456     5.471 r  cache_lookup_addr_reg[3]/Q
                         net (fo=9, routed)           1.083     6.553    predictor_inst/Q[3]
    SLICE_X98Y81         LUT2 (Prop_lut2_I0_O)        0.124     6.677 r  predictor_inst/previous_stride0_carry_i_1/O
                         net (fo=1, routed)           0.000     6.677    predictor_inst/previous_stride0_carry_i_1_n_0
    SLICE_X98Y81         CARRY4 (Prop_carry4_S[3]_CO[3])
                                                      0.376     7.053 r  predictor_inst/previous_stride0_carry/CO[3]
                         net (fo=1, routed)           0.000     7.053    predictor_inst/previous_stride0_carry_n_0
    SLICE_X98Y82         CARRY4 (Prop_carry4_CI_O[0])
                                                      0.232     7.285 r  predictor_inst/previous_stride0_carry__0/O[0]
                         net (fo=3, routed)           0.599     7.884    predictor_inst/previous_stride0_carry__0_n_7
    SLICE_X99Y82         LUT2 (Prop_lut2_I1_O)        0.295     8.179 r  predictor_inst/i__carry__0_i_2/O
                         net (fo=1, routed)           0.000     8.179    predictor_inst/i__carry__0_i_2_n_0
    SLICE_X99Y82         CARRY4 (Prop_carry4_S[1]_O[2])
                                                      0.580     8.759 f  predictor_inst/candidate_addr0_inferred__0/i__carry__0/O[2]
                         net (fo=2, routed)           0.825     9.584    predictor_inst/candidate_addr0__0[6]
    SLICE_X98Y83         LUT6 (Prop_lut6_I3_O)        0.302     9.886 f  predictor_inst/candidate_valid_i_2/O
                         net (fo=1, routed)           0.730    10.616    predictor_inst/candidate_valid_i_2_n_0
    SLICE_X103Y83        LUT3 (Prop_lut3_I2_O)        0.150    10.766 r  predictor_inst/candidate_valid_i_1/O
                         net (fo=2, routed)           0.556    11.322    predictor_inst/candidate_valid_i_1_n_0
    SLICE_X105Y89        FDRE                                         r  predictor_inst/candidate_valid_reg_lopt_replica/D
  -------------------------------------------------------------------    -------------------

                         (clock clk rise edge)       10.000    10.000 r  
    K19                                               0.000    10.000 r  clk (IN)
                         net (fo=0)                   0.000    10.000    clk
    K19                  IBUF (Prop_ibuf_I_O)         0.804    10.804 r  clk_IBUF_inst/O
                         net (fo=1, routed)           2.006    12.810    clk_IBUF
    BUFGCTRL_X0Y16       BUFG (Prop_bufg_I_O)         0.091    12.901 r  clk_IBUF_BUFG_inst/O
                         net (fo=1520, routed)        1.607    14.508    predictor_inst/clk_IBUF_BUFG
    SLICE_X105Y89        FDRE                                         r  predictor_inst/candidate_valid_reg_lopt_replica/C
                         clock pessimism              0.457    14.965    
                         clock uncertainty           -0.035    14.929    
    SLICE_X105Y89        FDRE (Setup_fdre_C_D)       -0.289    14.640    predictor_inst/candidate_valid_reg_lopt_replica
  -------------------------------------------------------------------
                         required time                         14.640    
                         arrival time                         -11.322    
  -------------------------------------------------------------------
                         slack                                  3.318    





Min Delay Paths
--------------------------------------------------------------------------------------
Slack (MET) :             0.130ns  (arrival time - required time)
  Source:                 perceptron_inst/decision_valid_reg/C
                            (rising edge-triggered cell FDRE clocked by clk  {rise@0.000ns fall@5.000ns period=10.000ns})
  Destination:            candidate_pending_reg/D
                            (rising edge-triggered cell FDRE clocked by clk  {rise@0.000ns fall@5.000ns period=10.000ns})
  Path Group:             clk
  Path Type:              Hold (Min at Fast Process Corner)
  Requirement:            0.000ns  (clk rise@0.000ns - clk rise@0.000ns)
  Data Path Delay:        0.276ns  (logic 0.189ns (68.452%)  route 0.087ns (31.548%))
  Logic Levels:           1  (LUT4=1)
  Clock Path Skew:        0.013ns (DCD - SCD - CPR)
    Destination Clock Delay (DCD):    1.988ns
    Source Clock Delay      (SCD):    1.471ns
    Clock Pessimism Removal (CPR):    0.505ns

    Location             Delay type                Incr(ns)  Path(ns)    Netlist Resource(s)
  -------------------------------------------------------------------    -------------------
                         (clock clk rise edge)        0.000     0.000 r  
    K19                                               0.000     0.000 r  clk (IN)
                         net (fo=0)                   0.000     0.000    clk
    K19                  IBUF (Prop_ibuf_I_O)         0.167     0.167 r  clk_IBUF_inst/O
                         net (fo=1, routed)           0.674     0.841    clk_IBUF
    BUFGCTRL_X0Y16       BUFG (Prop_bufg_I_O)         0.026     0.867 r  clk_IBUF_BUFG_inst/O
                         net (fo=1520, routed)        0.604     1.471    perceptron_inst/clk_IBUF_BUFG
    SLICE_X105Y84        FDRE                                         r  perceptron_inst/decision_valid_reg/C
  -------------------------------------------------------------------    -------------------
    SLICE_X105Y84        FDRE (Prop_fdre_C_Q)         0.141     1.612 f  perceptron_inst/decision_valid_reg/Q
                         net (fo=2, routed)           0.087     1.699    perceptron_inst/decision_valid
    SLICE_X104Y84        LUT4 (Prop_lut4_I0_O)        0.048     1.747 r  perceptron_inst/candidate_pending_i_1/O
                         net (fo=1, routed)           0.000     1.747    perceptron_inst_n_7
    SLICE_X104Y84        FDRE                                         r  candidate_pending_reg/D
  -------------------------------------------------------------------    -------------------

                         (clock clk rise edge)        0.000     0.000 r  
    K19                                               0.000     0.000 r  clk (IN)
                         net (fo=0)                   0.000     0.000    clk
    K19                  IBUF (Prop_ibuf_I_O)         0.355     0.355 r  clk_IBUF_inst/O
                         net (fo=1, routed)           0.731     1.086    clk_IBUF
    BUFGCTRL_X0Y16       BUFG (Prop_bufg_I_O)         0.029     1.115 r  clk_IBUF_BUFG_inst/O
                         net (fo=1520, routed)        0.873     1.988    clk_IBUF_BUFG
    SLICE_X104Y84        FDRE                                         r  candidate_pending_reg/C
                         clock pessimism             -0.505     1.484    
    SLICE_X104Y84        FDRE (Hold_fdre_C_D)         0.133     1.617    candidate_pending_reg
  -------------------------------------------------------------------
                         required time                         -1.617    
                         arrival time                           1.747    
  -------------------------------------------------------------------
                         slack                                  0.130    

Slack (MET) :             0.147ns  (arrival time - required time)
  Source:                 req_data_reg[5]/C
                            (rising edge-triggered cell FDRE clocked by clk  {rise@0.000ns fall@5.000ns period=10.000ns})
  Destination:            cache_update_data_reg[5]/D
                            (rising edge-triggered cell FDRE clocked by clk  {rise@0.000ns fall@5.000ns period=10.000ns})
  Path Group:             clk
  Path Type:              Hold (Min at Fast Process Corner)
  Requirement:            0.000ns  (clk rise@0.000ns - clk rise@0.000ns)
  Data Path Delay:        0.254ns  (logic 0.141ns (55.533%)  route 0.113ns (44.467%))
  Logic Levels:           0  
  Clock Path Skew:        0.036ns (DCD - SCD - CPR)
    Destination Clock Delay (DCD):    2.010ns
    Source Clock Delay      (SCD):    1.492ns
    Clock Pessimism Removal (CPR):    0.483ns

    Location             Delay type                Incr(ns)  Path(ns)    Netlist Resource(s)
  -------------------------------------------------------------------    -------------------
                         (clock clk rise edge)        0.000     0.000 r  
    K19                                               0.000     0.000 r  clk (IN)
                         net (fo=0)                   0.000     0.000    clk
    K19                  IBUF (Prop_ibuf_I_O)         0.167     0.167 r  clk_IBUF_inst/O
                         net (fo=1, routed)           0.674     0.841    clk_IBUF
    BUFGCTRL_X0Y16       BUFG (Prop_bufg_I_O)         0.026     0.867 r  clk_IBUF_BUFG_inst/O
                         net (fo=1520, routed)        0.625     1.492    clk_IBUF_BUFG
    SLICE_X109Y77        FDRE                                         r  req_data_reg[5]/C
  -------------------------------------------------------------------    -------------------
    SLICE_X109Y77        FDRE (Prop_fdre_C_Q)         0.141     1.633 r  req_data_reg[5]/Q
                         net (fo=1, routed)           0.113     1.745    req_data[5]
    SLICE_X110Y77        FDRE                                         r  cache_update_data_reg[5]/D
  -------------------------------------------------------------------    -------------------

                         (clock clk rise edge)        0.000     0.000 r  
    K19                                               0.000     0.000 r  clk (IN)
                         net (fo=0)                   0.000     0.000    clk
    K19                  IBUF (Prop_ibuf_I_O)         0.355     0.355 r  clk_IBUF_inst/O
                         net (fo=1, routed)           0.731     1.086    clk_IBUF
    BUFGCTRL_X0Y16       BUFG (Prop_bufg_I_O)         0.029     1.115 r  clk_IBUF_BUFG_inst/O
                         net (fo=1520, routed)        0.895     2.010    clk_IBUF_BUFG
    SLICE_X110Y77        FDRE                                         r  cache_update_data_reg[5]/C
                         clock pessimism             -0.483     1.528    
    SLICE_X110Y77        FDRE (Hold_fdre_C_D)         0.071     1.599    cache_update_data_reg[5]
  -------------------------------------------------------------------
                         required time                         -1.599    
                         arrival time                           1.745    
  -------------------------------------------------------------------
                         slack                                  0.147    

Slack (MET) :             0.170ns  (arrival time - required time)
  Source:                 predictor_inst/have_previous_addr_reg/C
                            (rising edge-triggered cell FDRE clocked by clk  {rise@0.000ns fall@5.000ns period=10.000ns})
  Destination:            predictor_inst/stride_match_reg/D
                            (rising edge-triggered cell FDRE clocked by clk  {rise@0.000ns fall@5.000ns period=10.000ns})
  Path Group:             clk
  Path Type:              Hold (Min at Fast Process Corner)
  Requirement:            0.000ns  (clk rise@0.000ns - clk rise@0.000ns)
  Data Path Delay:        0.325ns  (logic 0.186ns (57.202%)  route 0.139ns (42.798%))
  Logic Levels:           1  (LUT5=1)
  Clock Path Skew:        0.035ns (DCD - SCD - CPR)
    Destination Clock Delay (DCD):    1.986ns
    Source Clock Delay      (SCD):    1.469ns
    Clock Pessimism Removal (CPR):    0.483ns

    Location             Delay type                Incr(ns)  Path(ns)    Netlist Resource(s)
  -------------------------------------------------------------------    -------------------
                         (clock clk rise edge)        0.000     0.000 r  
    K19                                               0.000     0.000 r  clk (IN)
                         net (fo=0)                   0.000     0.000    clk
    K19                  IBUF (Prop_ibuf_I_O)         0.167     0.167 r  clk_IBUF_inst/O
                         net (fo=1, routed)           0.674     0.841    clk_IBUF
    BUFGCTRL_X0Y16       BUFG (Prop_bufg_I_O)         0.026     0.867 r  clk_IBUF_BUFG_inst/O
                         net (fo=1520, routed)        0.602     1.469    predictor_inst/clk_IBUF_BUFG
    SLICE_X97Y83         FDRE                                         r  predictor_inst/have_previous_addr_reg/C
  -------------------------------------------------------------------    -------------------
    SLICE_X97Y83         FDRE (Prop_fdre_C_Q)         0.141     1.610 r  predictor_inst/have_previous_addr_reg/Q
                         net (fo=5, routed)           0.139     1.749    predictor_inst/have_previous_addr
    SLICE_X98Y83         LUT5 (Prop_lut5_I2_O)        0.045     1.794 r  predictor_inst/stride_match_i_1/O
                         net (fo=1, routed)           0.000     1.794    predictor_inst/stride_match_i_1_n_0
    SLICE_X98Y83         FDRE                                         r  predictor_inst/stride_match_reg/D
  -------------------------------------------------------------------    -------------------

                         (clock clk rise edge)        0.000     0.000 r  
    K19                                               0.000     0.000 r  clk (IN)
                         net (fo=0)                   0.000     0.000    clk
    K19                  IBUF (Prop_ibuf_I_O)         0.355     0.355 r  clk_IBUF_inst/O
                         net (fo=1, routed)           0.731     1.086    clk_IBUF
    BUFGCTRL_X0Y16       BUFG (Prop_bufg_I_O)         0.029     1.115 r  clk_IBUF_BUFG_inst/O
                         net (fo=1520, routed)        0.871     1.986    predictor_inst/clk_IBUF_BUFG
    SLICE_X98Y83         FDRE                                         r  predictor_inst/stride_match_reg/C
                         clock pessimism             -0.483     1.504    
    SLICE_X98Y83         FDRE (Hold_fdre_C_D)         0.120     1.624    predictor_inst/stride_match_reg
  -------------------------------------------------------------------
                         required time                         -1.624    
                         arrival time                           1.794    
  -------------------------------------------------------------------
                         slack                                  0.170    

Slack (MET) :             0.181ns  (arrival time - required time)
  Source:                 infer_valid_reg/C
                            (rising edge-triggered cell FDRE clocked by clk  {rise@0.000ns fall@5.000ns period=10.000ns})
  Destination:            perceptron_inst/decision_valid_reg/D
                            (rising edge-triggered cell FDRE clocked by clk  {rise@0.000ns fall@5.000ns period=10.000ns})
  Path Group:             clk
  Path Type:              Hold (Min at Fast Process Corner)
  Requirement:            0.000ns  (clk rise@0.000ns - clk rise@0.000ns)
  Data Path Delay:        0.265ns  (logic 0.141ns (53.299%)  route 0.124ns (46.701%))
  Logic Levels:           0  
  Clock Path Skew:        0.014ns (DCD - SCD - CPR)
    Destination Clock Delay (DCD):    1.988ns
    Source Clock Delay      (SCD):    1.471ns
    Clock Pessimism Removal (CPR):    0.504ns

    Location             Delay type                Incr(ns)  Path(ns)    Netlist Resource(s)
  -------------------------------------------------------------------    -------------------
                         (clock clk rise edge)        0.000     0.000 r  
    K19                                               0.000     0.000 r  clk (IN)
                         net (fo=0)                   0.000     0.000    clk
    K19                  IBUF (Prop_ibuf_I_O)         0.167     0.167 r  clk_IBUF_inst/O
                         net (fo=1, routed)           0.674     0.841    clk_IBUF
    BUFGCTRL_X0Y16       BUFG (Prop_bufg_I_O)         0.026     0.867 r  clk_IBUF_BUFG_inst/O
                         net (fo=1520, routed)        0.604     1.471    clk_IBUF_BUFG
    SLICE_X105Y85        FDRE                                         r  infer_valid_reg/C
  -------------------------------------------------------------------    -------------------
    SLICE_X105Y85        FDRE (Prop_fdre_C_Q)         0.141     1.612 r  infer_valid_reg/Q
                         net (fo=14, routed)          0.124     1.735    perceptron_inst/E[0]
    SLICE_X105Y84        FDRE                                         r  perceptron_inst/decision_valid_reg/D
  -------------------------------------------------------------------    -------------------

                         (clock clk rise edge)        0.000     0.000 r  
    K19                                               0.000     0.000 r  clk (IN)
                         net (fo=0)                   0.000     0.000    clk
    K19                  IBUF (Prop_ibuf_I_O)         0.355     0.355 r  clk_IBUF_inst/O
                         net (fo=1, routed)           0.731     1.086    clk_IBUF
    BUFGCTRL_X0Y16       BUFG (Prop_bufg_I_O)         0.029     1.115 r  clk_IBUF_BUFG_inst/O
                         net (fo=1520, routed)        0.873     1.988    perceptron_inst/clk_IBUF_BUFG
    SLICE_X105Y84        FDRE                                         r  perceptron_inst/decision_valid_reg/C
                         clock pessimism             -0.504     1.485    
    SLICE_X105Y84        FDRE (Hold_fdre_C_D)         0.070     1.555    perceptron_inst/decision_valid_reg
  -------------------------------------------------------------------
                         required time                         -1.555    
                         arrival time                           1.735    
  -------------------------------------------------------------------
                         slack                                  0.181    

Slack (MET) :             0.181ns  (arrival time - required time)
  Source:                 perceptron_inst/weight_reg[6][5]/C
                            (rising edge-triggered cell FDRE clocked by clk  {rise@0.000ns fall@5.000ns period=10.000ns})
  Destination:            perceptron_inst/weight_reg[6][7]/D
                            (rising edge-triggered cell FDRE clocked by clk  {rise@0.000ns fall@5.000ns period=10.000ns})
  Path Group:             clk
  Path Type:              Hold (Min at Fast Process Corner)
  Requirement:            0.000ns  (clk rise@0.000ns - clk rise@0.000ns)
  Data Path Delay:        0.286ns  (logic 0.186ns (64.975%)  route 0.100ns (35.025%))
  Logic Levels:           1  (LUT6=1)
  Clock Path Skew:        0.013ns (DCD - SCD - CPR)
    Destination Clock Delay (DCD):    2.019ns
    Source Clock Delay      (SCD):    1.501ns
    Clock Pessimism Removal (CPR):    0.506ns

    Location             Delay type                Incr(ns)  Path(ns)    Netlist Resource(s)
  -------------------------------------------------------------------    -------------------
                         (clock clk rise edge)        0.000     0.000 r  
    K19                                               0.000     0.000 r  clk (IN)
                         net (fo=0)                   0.000     0.000    clk
    K19                  IBUF (Prop_ibuf_I_O)         0.167     0.167 r  clk_IBUF_inst/O
                         net (fo=1, routed)           0.674     0.841    clk_IBUF
    BUFGCTRL_X0Y16       BUFG (Prop_bufg_I_O)         0.026     0.867 r  clk_IBUF_BUFG_inst/O
                         net (fo=1520, routed)        0.634     1.501    perceptron_inst/clk_IBUF_BUFG
    SLICE_X106Y91        FDRE                                         r  perceptron_inst/weight_reg[6][5]/C
  -------------------------------------------------------------------    -------------------
    SLICE_X106Y91        FDRE (Prop_fdre_C_Q)         0.141     1.642 f  perceptron_inst/weight_reg[6][5]/Q
                         net (fo=9, routed)           0.100     1.742    perceptron_inst/weight_reg[6]_6[5]
    SLICE_X107Y91        LUT6 (Prop_lut6_I1_O)        0.045     1.787 r  perceptron_inst/weight[6][7]_i_1/O
                         net (fo=1, routed)           0.000     1.787    perceptron_inst/weight[6][7]_i_1_n_0
    SLICE_X107Y91        FDRE                                         r  perceptron_inst/weight_reg[6][7]/D
  -------------------------------------------------------------------    -------------------

                         (clock clk rise edge)        0.000     0.000 r  
    K19                                               0.000     0.000 r  clk (IN)
                         net (fo=0)                   0.000     0.000    clk
    K19                  IBUF (Prop_ibuf_I_O)         0.355     0.355 r  clk_IBUF_inst/O
                         net (fo=1, routed)           0.731     1.086    clk_IBUF
    BUFGCTRL_X0Y16       BUFG (Prop_bufg_I_O)         0.029     1.115 r  clk_IBUF_BUFG_inst/O
                         net (fo=1520, routed)        0.904     2.019    perceptron_inst/clk_IBUF_BUFG
    SLICE_X107Y91        FDRE                                         r  perceptron_inst/weight_reg[6][7]/C
                         clock pessimism             -0.506     1.514    
    SLICE_X107Y91        FDRE (Hold_fdre_C_D)         0.092     1.606    perceptron_inst/weight_reg[6][7]
  -------------------------------------------------------------------
                         required time                         -1.606    
                         arrival time                           1.787    
  -------------------------------------------------------------------
                         slack                                  0.181    

Slack (MET) :             0.187ns  (arrival time - required time)
  Source:                 ram_inst/data_valid_reg/C
                            (rising edge-triggered cell FDRE clocked by clk  {rise@0.000ns fall@5.000ns period=10.000ns})
  Destination:            ram_en_reg/D
                            (rising edge-triggered cell FDRE clocked by clk  {rise@0.000ns fall@5.000ns period=10.000ns})
  Path Group:             clk
  Path Type:              Hold (Min at Fast Process Corner)
  Requirement:            0.000ns  (clk rise@0.000ns - clk rise@0.000ns)
  Data Path Delay:        0.292ns  (logic 0.209ns (71.501%)  route 0.083ns (28.499%))
  Logic Levels:           1  (LUT6=1)
  Clock Path Skew:        0.013ns (DCD - SCD - CPR)
    Destination Clock Delay (DCD):    1.979ns
    Source Clock Delay      (SCD):    1.463ns
    Clock Pessimism Removal (CPR):    0.504ns

    Location             Delay type                Incr(ns)  Path(ns)    Netlist Resource(s)
  -------------------------------------------------------------------    -------------------
                         (clock clk rise edge)        0.000     0.000 r  
    K19                                               0.000     0.000 r  clk (IN)
                         net (fo=0)                   0.000     0.000    clk
    K19                  IBUF (Prop_ibuf_I_O)         0.167     0.167 r  clk_IBUF_inst/O
                         net (fo=1, routed)           0.674     0.841    clk_IBUF
    BUFGCTRL_X0Y16       BUFG (Prop_bufg_I_O)         0.026     0.867 r  clk_IBUF_BUFG_inst/O
                         net (fo=1520, routed)        0.596     1.463    ram_inst/clk_IBUF_BUFG
    SLICE_X104Y76        FDRE                                         r  ram_inst/data_valid_reg/C
  -------------------------------------------------------------------    -------------------
    SLICE_X104Y76        FDRE (Prop_fdre_C_Q)         0.164     1.627 f  ram_inst/data_valid_reg/Q
                         net (fo=7, routed)           0.083     1.710    ram_inst/ram_data_valid
    SLICE_X105Y76        LUT6 (Prop_lut6_I5_O)        0.045     1.755 r  ram_inst/ram_en_i_1/O
                         net (fo=1, routed)           0.000     1.755    ram_inst_n_5
    SLICE_X105Y76        FDRE                                         r  ram_en_reg/D
  -------------------------------------------------------------------    -------------------

                         (clock clk rise edge)        0.000     0.000 r  
    K19                                               0.000     0.000 r  clk (IN)
                         net (fo=0)                   0.000     0.000    clk
    K19                  IBUF (Prop_ibuf_I_O)         0.355     0.355 r  clk_IBUF_inst/O
                         net (fo=1, routed)           0.731     1.086    clk_IBUF
    BUFGCTRL_X0Y16       BUFG (Prop_bufg_I_O)         0.029     1.115 r  clk_IBUF_BUFG_inst/O
                         net (fo=1520, routed)        0.864     1.979    clk_IBUF_BUFG
    SLICE_X105Y76        FDRE                                         r  ram_en_reg/C
                         clock pessimism             -0.504     1.476    
    SLICE_X105Y76        FDRE (Hold_fdre_C_D)         0.092     1.568    ram_en_reg
  -------------------------------------------------------------------
                         required time                         -1.568    
                         arrival time                           1.755    
  -------------------------------------------------------------------
                         slack                                  0.187    

Slack (MET) :             0.188ns  (arrival time - required time)
  Source:                 prefetch_features_reg_reg[1]/C
                            (rising edge-triggered cell FDRE clocked by clk  {rise@0.000ns fall@5.000ns period=10.000ns})
  Destination:            tracker_prefetch_features_reg[1]/D
                            (rising edge-triggered cell FDRE clocked by clk  {rise@0.000ns fall@5.000ns period=10.000ns})
  Path Group:             clk
  Path Type:              Hold (Min at Fast Process Corner)
  Requirement:            0.000ns  (clk rise@0.000ns - clk rise@0.000ns)
  Data Path Delay:        0.248ns  (logic 0.141ns (56.815%)  route 0.107ns (43.185%))
  Logic Levels:           0  
  Clock Path Skew:        0.013ns (DCD - SCD - CPR)
    Destination Clock Delay (DCD):    2.013ns
    Source Clock Delay      (SCD):    1.498ns
    Clock Pessimism Removal (CPR):    0.503ns

    Location             Delay type                Incr(ns)  Path(ns)    Netlist Resource(s)
  -------------------------------------------------------------------    -------------------
                         (clock clk rise edge)        0.000     0.000 r  
    K19                                               0.000     0.000 r  clk (IN)
                         net (fo=0)                   0.000     0.000    clk
    K19                  IBUF (Prop_ibuf_I_O)         0.167     0.167 r  clk_IBUF_inst/O
                         net (fo=1, routed)           0.674     0.841    clk_IBUF
    BUFGCTRL_X0Y16       BUFG (Prop_bufg_I_O)         0.026     0.867 r  clk_IBUF_BUFG_inst/O
                         net (fo=1520, routed)        0.631     1.498    clk_IBUF_BUFG
    SLICE_X107Y84        FDRE                                         r  prefetch_features_reg_reg[1]/C
  -------------------------------------------------------------------    -------------------
    SLICE_X107Y84        FDRE (Prop_fdre_C_Q)         0.141     1.639 r  prefetch_features_reg_reg[1]/Q
                         net (fo=1, routed)           0.107     1.746    prefetch_features_reg__0[1]
    SLICE_X107Y83        FDRE                                         r  tracker_prefetch_features_reg[1]/D
  -------------------------------------------------------------------    -------------------

                         (clock clk rise edge)        0.000     0.000 r  
    K19                                               0.000     0.000 r  clk (IN)
                         net (fo=0)                   0.000     0.000    clk
    K19                  IBUF (Prop_ibuf_I_O)         0.355     0.355 r  clk_IBUF_inst/O
                         net (fo=1, routed)           0.731     1.086    clk_IBUF
    BUFGCTRL_X0Y16       BUFG (Prop_bufg_I_O)         0.029     1.115 r  clk_IBUF_BUFG_inst/O
                         net (fo=1520, routed)        0.898     2.013    clk_IBUF_BUFG
    SLICE_X107Y83        FDRE                                         r  tracker_prefetch_features_reg[1]/C
                         clock pessimism             -0.503     1.511    
    SLICE_X107Y83        FDRE (Hold_fdre_C_D)         0.047     1.558    tracker_prefetch_features_reg[1]
  -------------------------------------------------------------------
                         required time                         -1.558    
                         arrival time                           1.746    
  -------------------------------------------------------------------
                         slack                                  0.188    

Slack (MET) :             0.193ns  (arrival time - required time)
  Source:                 prefetch_addr_reg_reg[1]/C
                            (rising edge-triggered cell FDRE clocked by clk  {rise@0.000ns fall@5.000ns period=10.000ns})
  Destination:            cache_fill_addr_reg[1]/D
                            (rising edge-triggered cell FDRE clocked by clk  {rise@0.000ns fall@5.000ns period=10.000ns})
  Path Group:             clk
  Path Type:              Hold (Min at Fast Process Corner)
  Requirement:            0.000ns  (clk rise@0.000ns - clk rise@0.000ns)
  Data Path Delay:        0.325ns  (logic 0.186ns (57.289%)  route 0.139ns (42.711%))
  Logic Levels:           1  (LUT4=1)
  Clock Path Skew:        0.012ns (DCD - SCD - CPR)
    Destination Clock Delay (DCD):    1.982ns
    Source Clock Delay      (SCD):    1.468ns
    Clock Pessimism Removal (CPR):    0.503ns

    Location             Delay type                Incr(ns)  Path(ns)    Netlist Resource(s)
  -------------------------------------------------------------------    -------------------
                         (clock clk rise edge)        0.000     0.000 r  
    K19                                               0.000     0.000 r  clk (IN)
                         net (fo=0)                   0.000     0.000    clk
    K19                  IBUF (Prop_ibuf_I_O)         0.167     0.167 r  clk_IBUF_inst/O
                         net (fo=1, routed)           0.674     0.841    clk_IBUF
    BUFGCTRL_X0Y16       BUFG (Prop_bufg_I_O)         0.026     0.867 r  clk_IBUF_BUFG_inst/O
                         net (fo=1520, routed)        0.601     1.468    clk_IBUF_BUFG
    SLICE_X103Y81        FDRE                                         r  prefetch_addr_reg_reg[1]/C
  -------------------------------------------------------------------    -------------------
    SLICE_X103Y81        FDRE (Prop_fdre_C_Q)         0.141     1.609 r  prefetch_addr_reg_reg[1]/Q
                         net (fo=3, routed)           0.139     1.747    prefetch_addr_reg[1]
    SLICE_X102Y79        LUT4 (Prop_lut4_I3_O)        0.045     1.792 r  cache_fill_addr[1]_i_1/O
                         net (fo=1, routed)           0.000     1.792    cache_fill_addr[1]_i_1_n_0
    SLICE_X102Y79        FDRE                                         r  cache_fill_addr_reg[1]/D
  -------------------------------------------------------------------    -------------------

                         (clock clk rise edge)        0.000     0.000 r  
    K19                                               0.000     0.000 r  clk (IN)
                         net (fo=0)                   0.000     0.000    clk
    K19                  IBUF (Prop_ibuf_I_O)         0.355     0.355 r  clk_IBUF_inst/O
                         net (fo=1, routed)           0.731     1.086    clk_IBUF
    BUFGCTRL_X0Y16       BUFG (Prop_bufg_I_O)         0.029     1.115 r  clk_IBUF_BUFG_inst/O
                         net (fo=1520, routed)        0.867     1.982    clk_IBUF_BUFG
    SLICE_X102Y79        FDRE                                         r  cache_fill_addr_reg[1]/C
                         clock pessimism             -0.503     1.480    
    SLICE_X102Y79        FDRE (Hold_fdre_C_D)         0.120     1.600    cache_fill_addr_reg[1]
  -------------------------------------------------------------------
                         required time                         -1.600    
                         arrival time                           1.792    
  -------------------------------------------------------------------
                         slack                                  0.193    

Slack (MET) :             0.195ns  (arrival time - required time)
  Source:                 cache_update_data_reg[10]/C
                            (rising edge-triggered cell FDRE clocked by clk  {rise@0.000ns fall@5.000ns period=10.000ns})
  Destination:            ram_inst/mem_reg[19][10]/D
                            (rising edge-triggered cell FDRE clocked by clk  {rise@0.000ns fall@5.000ns period=10.000ns})
  Path Group:             clk
  Path Type:              Hold (Min at Fast Process Corner)
  Requirement:            0.000ns  (clk rise@0.000ns - clk rise@0.000ns)
  Data Path Delay:        0.277ns  (logic 0.141ns (50.966%)  route 0.136ns (49.034%))
  Logic Levels:           0  
  Clock Path Skew:        0.012ns (DCD - SCD - CPR)
    Destination Clock Delay (DCD):    2.007ns
    Source Clock Delay      (SCD):    1.491ns
    Clock Pessimism Removal (CPR):    0.505ns

    Location             Delay type                Incr(ns)  Path(ns)    Netlist Resource(s)
  -------------------------------------------------------------------    -------------------
                         (clock clk rise edge)        0.000     0.000 r  
    K19                                               0.000     0.000 r  clk (IN)
                         net (fo=0)                   0.000     0.000    clk
    K19                  IBUF (Prop_ibuf_I_O)         0.167     0.167 r  clk_IBUF_inst/O
                         net (fo=1, routed)           0.674     0.841    clk_IBUF
    BUFGCTRL_X0Y16       BUFG (Prop_bufg_I_O)         0.026     0.867 r  clk_IBUF_BUFG_inst/O
                         net (fo=1520, routed)        0.624     1.491    clk_IBUF_BUFG
    SLICE_X110Y76        FDRE                                         r  cache_update_data_reg[10]/C
  -------------------------------------------------------------------    -------------------
    SLICE_X110Y76        FDRE (Prop_fdre_C_Q)         0.141     1.632 r  cache_update_data_reg[10]/Q
                         net (fo=68, routed)          0.136     1.767    ram_inst/mem_reg[0][15]_0[10]
    SLICE_X111Y75        FDRE                                         r  ram_inst/mem_reg[19][10]/D
  -------------------------------------------------------------------    -------------------

                         (clock clk rise edge)        0.000     0.000 r  
    K19                                               0.000     0.000 r  clk (IN)
                         net (fo=0)                   0.000     0.000    clk
    K19                  IBUF (Prop_ibuf_I_O)         0.355     0.355 r  clk_IBUF_inst/O
                         net (fo=1, routed)           0.731     1.086    clk_IBUF
    BUFGCTRL_X0Y16       BUFG (Prop_bufg_I_O)         0.029     1.115 r  clk_IBUF_BUFG_inst/O
                         net (fo=1520, routed)        0.892     2.007    ram_inst/clk_IBUF_BUFG
    SLICE_X111Y75        FDRE                                         r  ram_inst/mem_reg[19][10]/C
                         clock pessimism             -0.505     1.503    
    SLICE_X111Y75        FDRE (Hold_fdre_C_D)         0.070     1.573    ram_inst/mem_reg[19][10]
  -------------------------------------------------------------------
                         required time                         -1.573    
                         arrival time                           1.767    
  -------------------------------------------------------------------
                         slack                                  0.195    

Slack (MET) :             0.197ns  (arrival time - required time)
  Source:                 predictor_inst/previous_stride_reg[3]/C
                            (rising edge-triggered cell FDRE clocked by clk  {rise@0.000ns fall@5.000ns period=10.000ns})
  Destination:            feature_inst/features_reg[1]/D
                            (rising edge-triggered cell FDRE clocked by clk  {rise@0.000ns fall@5.000ns period=10.000ns})
  Path Group:             clk
  Path Type:              Hold (Min at Fast Process Corner)
  Requirement:            0.000ns  (clk rise@0.000ns - clk rise@0.000ns)
  Data Path Delay:        0.331ns  (logic 0.209ns (63.076%)  route 0.122ns (36.924%))
  Logic Levels:           1  (LUT6=1)
  Clock Path Skew:        0.014ns (DCD - SCD - CPR)
    Destination Clock Delay (DCD):    1.984ns
    Source Clock Delay      (SCD):    1.468ns
    Clock Pessimism Removal (CPR):    0.503ns

    Location             Delay type                Incr(ns)  Path(ns)    Netlist Resource(s)
  -------------------------------------------------------------------    -------------------
                         (clock clk rise edge)        0.000     0.000 r  
    K19                                               0.000     0.000 r  clk (IN)
                         net (fo=0)                   0.000     0.000    clk
    K19                  IBUF (Prop_ibuf_I_O)         0.167     0.167 r  clk_IBUF_inst/O
                         net (fo=1, routed)           0.674     0.841    clk_IBUF
    BUFGCTRL_X0Y16       BUFG (Prop_bufg_I_O)         0.026     0.867 r  clk_IBUF_BUFG_inst/O
                         net (fo=1520, routed)        0.601     1.468    predictor_inst/clk_IBUF_BUFG
    SLICE_X98Y81         FDRE                                         r  predictor_inst/previous_stride_reg[3]/C
  -------------------------------------------------------------------    -------------------
    SLICE_X98Y81         FDRE (Prop_fdre_C_Q)         0.164     1.632 r  predictor_inst/previous_stride_reg[3]/Q
                         net (fo=4, routed)           0.122     1.754    predictor_inst/current_stride[3]
    SLICE_X100Y81        LUT6 (Prop_lut6_I4_O)        0.045     1.799 r  predictor_inst/features[1]_i_1/O
                         net (fo=1, routed)           0.000     1.799    feature_inst/D[1]
    SLICE_X100Y81        FDRE                                         r  feature_inst/features_reg[1]/D
  -------------------------------------------------------------------    -------------------

                         (clock clk rise edge)        0.000     0.000 r  
    K19                                               0.000     0.000 r  clk (IN)
                         net (fo=0)                   0.000     0.000    clk
    K19                  IBUF (Prop_ibuf_I_O)         0.355     0.355 r  clk_IBUF_inst/O
                         net (fo=1, routed)           0.731     1.086    clk_IBUF
    BUFGCTRL_X0Y16       BUFG (Prop_bufg_I_O)         0.029     1.115 r  clk_IBUF_BUFG_inst/O
                         net (fo=1520, routed)        0.869     1.984    feature_inst/clk_IBUF_BUFG
    SLICE_X100Y81        FDRE                                         r  feature_inst/features_reg[1]/C
                         clock pessimism             -0.503     1.482    
    SLICE_X100Y81        FDRE (Hold_fdre_C_D)         0.120     1.602    feature_inst/features_reg[1]
  -------------------------------------------------------------------
                         required time                         -1.602    
                         arrival time                           1.799    
  -------------------------------------------------------------------
                         slack                                  0.197    





Pulse Width Checks
--------------------------------------------------------------------------------------
Clock Name:         clk
Waveform(ns):       { 0.000 5.000 }
Period(ns):         10.000
Sources:            { clk }

Check Type        Corner  Lib Pin  Reference Pin  Required(ns)  Actual(ns)  Slack(ns)  Location        Pin
Min Period        n/a     BUFG/I   n/a            2.155         10.000      7.845      BUFGCTRL_X0Y16  clk_IBUF_BUFG_inst/I
Min Period        n/a     FDRE/C   n/a            1.000         10.000      9.000      SLICE_X105Y75   FSM_sequential_demand_state_reg[0]/C
Min Period        n/a     FDRE/C   n/a            1.000         10.000      9.000      SLICE_X104Y76   FSM_sequential_demand_state_reg[1]/C
Min Period        n/a     FDRE/C   n/a            1.000         10.000      9.000      SLICE_X105Y75   FSM_sequential_demand_state_reg[2]/C
Min Period        n/a     FDRE/C   n/a            1.000         10.000      9.000      SLICE_X105Y78   FSM_sequential_prefetch_state_reg[0]/C
Min Period        n/a     FDRE/C   n/a            1.000         10.000      9.000      SLICE_X105Y78   FSM_sequential_prefetch_state_reg[1]/C
Min Period        n/a     FDRE/C   n/a            1.000         10.000      9.000      SLICE_X113Y83   bootstrap_counter_reg[0]/C
Min Period        n/a     FDRE/C   n/a            1.000         10.000      9.000      SLICE_X113Y83   bootstrap_counter_reg[1]/C
Min Period        n/a     FDRE/C   n/a            1.000         10.000      9.000      SLICE_X113Y83   bootstrap_counter_reg[2]/C
Min Period        n/a     FDRE/C   n/a            1.000         10.000      9.000      SLICE_X113Y83   bootstrap_counter_reg[3]/C
Low Pulse Width   Slow    FDRE/C   n/a            0.500         5.000       4.500      SLICE_X105Y75   FSM_sequential_demand_state_reg[0]/C
Low Pulse Width   Fast    FDRE/C   n/a            0.500         5.000       4.500      SLICE_X105Y75   FSM_sequential_demand_state_reg[0]/C
Low Pulse Width   Slow    FDRE/C   n/a            0.500         5.000       4.500      SLICE_X104Y76   FSM_sequential_demand_state_reg[1]/C
Low Pulse Width   Fast    FDRE/C   n/a            0.500         5.000       4.500      SLICE_X104Y76   FSM_sequential_demand_state_reg[1]/C
Low Pulse Width   Slow    FDRE/C   n/a            0.500         5.000       4.500      SLICE_X105Y75   FSM_sequential_demand_state_reg[2]/C
Low Pulse Width   Fast    FDRE/C   n/a            0.500         5.000       4.500      SLICE_X105Y75   FSM_sequential_demand_state_reg[2]/C
Low Pulse Width   Slow    FDRE/C   n/a            0.500         5.000       4.500      SLICE_X105Y78   FSM_sequential_prefetch_state_reg[0]/C
Low Pulse Width   Fast    FDRE/C   n/a            0.500         5.000       4.500      SLICE_X105Y78   FSM_sequential_prefetch_state_reg[0]/C
Low Pulse Width   Slow    FDRE/C   n/a            0.500         5.000       4.500      SLICE_X105Y78   FSM_sequential_prefetch_state_reg[1]/C
Low Pulse Width   Fast    FDRE/C   n/a            0.500         5.000       4.500      SLICE_X105Y78   FSM_sequential_prefetch_state_reg[1]/C
High Pulse Width  Slow    FDRE/C   n/a            0.500         5.000       4.500      SLICE_X105Y75   FSM_sequential_demand_state_reg[0]/C
High Pulse Width  Fast    FDRE/C   n/a            0.500         5.000       4.500      SLICE_X105Y75   FSM_sequential_demand_state_reg[0]/C
High Pulse Width  Slow    FDRE/C   n/a            0.500         5.000       4.500      SLICE_X104Y76   FSM_sequential_demand_state_reg[1]/C
High Pulse Width  Fast    FDRE/C   n/a            0.500         5.000       4.500      SLICE_X104Y76   FSM_sequential_demand_state_reg[1]/C
High Pulse Width  Slow    FDRE/C   n/a            0.500         5.000       4.500      SLICE_X105Y75   FSM_sequential_demand_state_reg[2]/C
High Pulse Width  Fast    FDRE/C   n/a            0.500         5.000       4.500      SLICE_X105Y75   FSM_sequential_demand_state_reg[2]/C
High Pulse Width  Slow    FDRE/C   n/a            0.500         5.000       4.500      SLICE_X105Y78   FSM_sequential_prefetch_state_reg[0]/C
High Pulse Width  Fast    FDRE/C   n/a            0.500         5.000       4.500      SLICE_X105Y78   FSM_sequential_prefetch_state_reg[0]/C
High Pulse Width  Slow    FDRE/C   n/a            0.500         5.000       4.500      SLICE_X105Y78   FSM_sequential_prefetch_state_reg[1]/C
High Pulse Width  Fast    FDRE/C   n/a            0.500         5.000       4.500      SLICE_X105Y78   FSM_sequential_prefetch_state_reg[1]/C



--------------------------------------------------------------------------------------
Path Group:  (none)
From Clock:  clk
  To Clock:  

Max Delay            51 Endpoints
Min Delay            51 Endpoints
--------------------------------------------------------------------------------------


Max Delay Paths
--------------------------------------------------------------------------------------
Slack:                    inf
  Source:                 data_out_reg[0]/C
                            (rising edge-triggered cell FDRE clocked by clk  {rise@0.000ns fall@5.000ns period=10.000ns})
  Destination:            data_out[0]
                            (output port)
  Path Group:             (none)
  Path Type:              Max at Slow Process Corner
  Data Path Delay:        7.469ns  (logic 3.051ns (40.848%)  route 4.418ns (59.152%))
  Logic Levels:           1  (OBUF=1)
  Clock Uncertainty:      0.025ns  ((TSJ^2 + TIJ^2)^1/2 + DJ) / 2 + PE
    Total System Jitter     (TSJ):    0.050ns
    Total Input Jitter      (TIJ):    0.000ns
    Discrete Jitter          (DJ):    0.000ns
    Phase Error              (PE):    0.000ns

    Location             Delay type                Incr(ns)  Path(ns)    Netlist Resource(s)
  -------------------------------------------------------------------    -------------------
                         (clock clk rise edge)        0.000     0.000 r  
    K19                                               0.000     0.000 r  clk (IN)
                         net (fo=0)                   0.000     0.000    clk
    K19                  IBUF (Prop_ibuf_I_O)         0.938     0.938 r  clk_IBUF_inst/O
                         net (fo=1, routed)           2.205     3.143    clk_IBUF
    BUFGCTRL_X0Y16       BUFG (Prop_bufg_I_O)         0.101     3.244 r  clk_IBUF_BUFG_inst/O
                         net (fo=1520, routed)        1.771     5.015    clk_IBUF_BUFG
    SLICE_X103Y71        FDRE                                         r  data_out_reg[0]/C
  -------------------------------------------------------------------    -------------------
    SLICE_X103Y71        FDRE (Prop_fdre_C_Q)         0.456     5.471 r  data_out_reg[0]/Q
                         net (fo=1, routed)           4.418     9.889    data_out_OBUF[0]
    U14                  OBUF (Prop_obuf_I_O)         2.595    12.484 r  data_out_OBUF[0]_inst/O
                         net (fo=0)                   0.000    12.484    data_out[0]
    U14                                                               r  data_out[0] (OUT)
  -------------------------------------------------------------------    -------------------

Slack:                    inf
  Source:                 perceptron_inst/score_reg[2]/C
                            (rising edge-triggered cell FDRE clocked by clk  {rise@0.000ns fall@5.000ns period=10.000ns})
  Destination:            ml_score[2]
                            (output port)
  Path Group:             (none)
  Path Type:              Max at Slow Process Corner
  Data Path Delay:        7.290ns  (logic 3.064ns (42.032%)  route 4.226ns (57.968%))
  Logic Levels:           1  (OBUF=1)
  Clock Uncertainty:      0.025ns  ((TSJ^2 + TIJ^2)^1/2 + DJ) / 2 + PE
    Total System Jitter     (TSJ):    0.050ns
    Total Input Jitter      (TIJ):    0.000ns
    Discrete Jitter          (DJ):    0.000ns
    Phase Error              (PE):    0.000ns

    Location             Delay type                Incr(ns)  Path(ns)    Netlist Resource(s)
  -------------------------------------------------------------------    -------------------
                         (clock clk rise edge)        0.000     0.000 r  
    K19                                               0.000     0.000 r  clk (IN)
                         net (fo=0)                   0.000     0.000    clk
    K19                  IBUF (Prop_ibuf_I_O)         0.938     0.938 r  clk_IBUF_inst/O
                         net (fo=1, routed)           2.205     3.143    clk_IBUF
    BUFGCTRL_X0Y16       BUFG (Prop_bufg_I_O)         0.101     3.244 r  clk_IBUF_BUFG_inst/O
                         net (fo=1520, routed)        1.860     5.104    perceptron_inst/clk_IBUF_BUFG
    SLICE_X111Y86        FDRE                                         r  perceptron_inst/score_reg[2]/C
  -------------------------------------------------------------------    -------------------
    SLICE_X111Y86        FDRE (Prop_fdre_C_Q)         0.456     5.560 r  perceptron_inst/score_reg[2]/Q
                         net (fo=1, routed)           4.226     9.785    ml_score_OBUF[2]
    U17                  OBUF (Prop_obuf_I_O)         2.608    12.393 r  ml_score_OBUF[2]_inst/O
                         net (fo=0)                   0.000    12.393    ml_score[2]
    U17                                                               r  ml_score[2] (OUT)
  -------------------------------------------------------------------    -------------------

Slack:                    inf
  Source:                 data_out_reg[5]/C
                            (rising edge-triggered cell FDRE clocked by clk  {rise@0.000ns fall@5.000ns period=10.000ns})
  Destination:            data_out[5]
                            (output port)
  Path Group:             (none)
  Path Type:              Max at Slow Process Corner
  Data Path Delay:        7.367ns  (logic 3.145ns (42.691%)  route 4.222ns (57.309%))
  Logic Levels:           1  (OBUF=1)
  Clock Uncertainty:      0.025ns  ((TSJ^2 + TIJ^2)^1/2 + DJ) / 2 + PE
    Total System Jitter     (TSJ):    0.050ns
    Total Input Jitter      (TIJ):    0.000ns
    Discrete Jitter          (DJ):    0.000ns
    Phase Error              (PE):    0.000ns

    Location             Delay type                Incr(ns)  Path(ns)    Netlist Resource(s)
  -------------------------------------------------------------------    -------------------
                         (clock clk rise edge)        0.000     0.000 r  
    K19                                               0.000     0.000 r  clk (IN)
                         net (fo=0)                   0.000     0.000    clk
    K19                  IBUF (Prop_ibuf_I_O)         0.938     0.938 r  clk_IBUF_inst/O
                         net (fo=1, routed)           2.205     3.143    clk_IBUF
    BUFGCTRL_X0Y16       BUFG (Prop_bufg_I_O)         0.101     3.244 r  clk_IBUF_BUFG_inst/O
                         net (fo=1520, routed)        1.772     5.016    clk_IBUF_BUFG
    SLICE_X102Y70        FDRE                                         r  data_out_reg[5]/C
  -------------------------------------------------------------------    -------------------
    SLICE_X102Y70        FDRE (Prop_fdre_C_Q)         0.518     5.534 r  data_out_reg[5]/Q
                         net (fo=1, routed)           4.222     9.756    data_out_OBUF[5]
    AA14                 OBUF (Prop_obuf_I_O)         2.627    12.383 r  data_out_OBUF[5]_inst/O
                         net (fo=0)                   0.000    12.383    data_out[5]
    AA14                                                              r  data_out[5] (OUT)
  -------------------------------------------------------------------    -------------------

Slack:                    inf
  Source:                 data_out_reg[8]/C
                            (rising edge-triggered cell FDRE clocked by clk  {rise@0.000ns fall@5.000ns period=10.000ns})
  Destination:            data_out[8]
                            (output port)
  Path Group:             (none)
  Path Type:              Max at Slow Process Corner
  Data Path Delay:        7.366ns  (logic 3.157ns (42.866%)  route 4.208ns (57.134%))
  Logic Levels:           1  (OBUF=1)
  Clock Uncertainty:      0.025ns  ((TSJ^2 + TIJ^2)^1/2 + DJ) / 2 + PE
    Total System Jitter     (TSJ):    0.050ns
    Total Input Jitter      (TIJ):    0.000ns
    Discrete Jitter          (DJ):    0.000ns
    Phase Error              (PE):    0.000ns

    Location             Delay type                Incr(ns)  Path(ns)    Netlist Resource(s)
  -------------------------------------------------------------------    -------------------
                         (clock clk rise edge)        0.000     0.000 r  
    K19                                               0.000     0.000 r  clk (IN)
                         net (fo=0)                   0.000     0.000    clk
    K19                  IBUF (Prop_ibuf_I_O)         0.938     0.938 r  clk_IBUF_inst/O
                         net (fo=1, routed)           2.205     3.143    clk_IBUF
    BUFGCTRL_X0Y16       BUFG (Prop_bufg_I_O)         0.101     3.244 r  clk_IBUF_BUFG_inst/O
                         net (fo=1520, routed)        1.772     5.016    clk_IBUF_BUFG
    SLICE_X102Y70        FDRE                                         r  data_out_reg[8]/C
  -------------------------------------------------------------------    -------------------
    SLICE_X102Y70        FDRE (Prop_fdre_C_Q)         0.518     5.534 r  data_out_reg[8]/Q
                         net (fo=1, routed)           4.208     9.742    data_out_OBUF[8]
    W15                  OBUF (Prop_obuf_I_O)         2.639    12.381 r  data_out_OBUF[8]_inst/O
                         net (fo=0)                   0.000    12.381    data_out[8]
    W15                                                               r  data_out[8] (OUT)
  -------------------------------------------------------------------    -------------------

Slack:                    inf
  Source:                 data_out_reg[7]/C
                            (rising edge-triggered cell FDRE clocked by clk  {rise@0.000ns fall@5.000ns period=10.000ns})
  Destination:            data_out[7]
                            (output port)
  Path Group:             (none)
  Path Type:              Max at Slow Process Corner
  Data Path Delay:        7.361ns  (logic 3.093ns (42.016%)  route 4.268ns (57.984%))
  Logic Levels:           1  (OBUF=1)
  Clock Uncertainty:      0.025ns  ((TSJ^2 + TIJ^2)^1/2 + DJ) / 2 + PE
    Total System Jitter     (TSJ):    0.050ns
    Total Input Jitter      (TIJ):    0.000ns
    Discrete Jitter          (DJ):    0.000ns
    Phase Error              (PE):    0.000ns

    Location             Delay type                Incr(ns)  Path(ns)    Netlist Resource(s)
  -------------------------------------------------------------------    -------------------
                         (clock clk rise edge)        0.000     0.000 r  
    K19                                               0.000     0.000 r  clk (IN)
                         net (fo=0)                   0.000     0.000    clk
    K19                  IBUF (Prop_ibuf_I_O)         0.938     0.938 r  clk_IBUF_inst/O
                         net (fo=1, routed)           2.205     3.143    clk_IBUF
    BUFGCTRL_X0Y16       BUFG (Prop_bufg_I_O)         0.101     3.244 r  clk_IBUF_BUFG_inst/O
                         net (fo=1520, routed)        1.767     5.011    clk_IBUF_BUFG
    SLICE_X105Y73        FDRE                                         r  data_out_reg[7]/C
  -------------------------------------------------------------------    -------------------
    SLICE_X105Y73        FDRE (Prop_fdre_C_Q)         0.456     5.467 r  data_out_reg[7]/Q
                         net (fo=1, routed)           4.268     9.735    data_out_OBUF[7]
    Y15                  OBUF (Prop_obuf_I_O)         2.637    12.372 r  data_out_OBUF[7]_inst/O
                         net (fo=0)                   0.000    12.372    data_out[7]
    Y15                                                               r  data_out[7] (OUT)
  -------------------------------------------------------------------    -------------------

Slack:                    inf
  Source:                 data_out_reg[1]/C
                            (rising edge-triggered cell FDRE clocked by clk  {rise@0.000ns fall@5.000ns period=10.000ns})
  Destination:            data_out[1]
                            (output port)
  Path Group:             (none)
  Path Type:              Max at Slow Process Corner
  Data Path Delay:        7.356ns  (logic 3.077ns (41.828%)  route 4.279ns (58.172%))
  Logic Levels:           1  (OBUF=1)
  Clock Uncertainty:      0.025ns  ((TSJ^2 + TIJ^2)^1/2 + DJ) / 2 + PE
    Total System Jitter     (TSJ):    0.050ns
    Total Input Jitter      (TIJ):    0.000ns
    Discrete Jitter          (DJ):    0.000ns
    Phase Error              (PE):    0.000ns

    Location             Delay type                Incr(ns)  Path(ns)    Netlist Resource(s)
  -------------------------------------------------------------------    -------------------
                         (clock clk rise edge)        0.000     0.000 r  
    K19                                               0.000     0.000 r  clk (IN)
                         net (fo=0)                   0.000     0.000    clk
    K19                  IBUF (Prop_ibuf_I_O)         0.938     0.938 r  clk_IBUF_inst/O
                         net (fo=1, routed)           2.205     3.143    clk_IBUF
    BUFGCTRL_X0Y16       BUFG (Prop_bufg_I_O)         0.101     3.244 r  clk_IBUF_BUFG_inst/O
                         net (fo=1520, routed)        1.767     5.011    clk_IBUF_BUFG
    SLICE_X105Y73        FDRE                                         r  data_out_reg[1]/C
  -------------------------------------------------------------------    -------------------
    SLICE_X105Y73        FDRE (Prop_fdre_C_Q)         0.456     5.467 r  data_out_reg[1]/Q
                         net (fo=1, routed)           4.279     9.746    data_out_OBUF[1]
    AB15                 OBUF (Prop_obuf_I_O)         2.621    12.366 r  data_out_OBUF[1]_inst/O
                         net (fo=0)                   0.000    12.366    data_out[1]
    AB15                                                              r  data_out[1] (OUT)
  -------------------------------------------------------------------    -------------------

Slack:                    inf
  Source:                 data_out_reg[10]/C
                            (rising edge-triggered cell FDRE clocked by clk  {rise@0.000ns fall@5.000ns period=10.000ns})
  Destination:            data_out[10]
                            (output port)
  Path Group:             (none)
  Path Type:              Max at Slow Process Corner
  Data Path Delay:        7.347ns  (logic 3.094ns (42.110%)  route 4.253ns (57.890%))
  Logic Levels:           1  (OBUF=1)
  Clock Uncertainty:      0.025ns  ((TSJ^2 + TIJ^2)^1/2 + DJ) / 2 + PE
    Total System Jitter     (TSJ):    0.050ns
    Total Input Jitter      (TIJ):    0.000ns
    Discrete Jitter          (DJ):    0.000ns
    Phase Error              (PE):    0.000ns

    Location             Delay type                Incr(ns)  Path(ns)    Netlist Resource(s)
  -------------------------------------------------------------------    -------------------
                         (clock clk rise edge)        0.000     0.000 r  
    K19                                               0.000     0.000 r  clk (IN)
                         net (fo=0)                   0.000     0.000    clk
    K19                  IBUF (Prop_ibuf_I_O)         0.938     0.938 r  clk_IBUF_inst/O
                         net (fo=1, routed)           2.205     3.143    clk_IBUF
    BUFGCTRL_X0Y16       BUFG (Prop_bufg_I_O)         0.101     3.244 r  clk_IBUF_BUFG_inst/O
                         net (fo=1520, routed)        1.765     5.009    clk_IBUF_BUFG
    SLICE_X105Y74        FDRE                                         r  data_out_reg[10]/C
  -------------------------------------------------------------------    -------------------
    SLICE_X105Y74        FDRE (Prop_fdre_C_Q)         0.456     5.465 r  data_out_reg[10]/Q
                         net (fo=1, routed)           4.253     9.718    data_out_OBUF[10]
    V13                  OBUF (Prop_obuf_I_O)         2.638    12.355 r  data_out_OBUF[10]_inst/O
                         net (fo=0)                   0.000    12.355    data_out[10]
    V13                                                               r  data_out[10] (OUT)
  -------------------------------------------------------------------    -------------------

Slack:                    inf
  Source:                 data_out_reg[3]/C
                            (rising edge-triggered cell FDRE clocked by clk  {rise@0.000ns fall@5.000ns period=10.000ns})
  Destination:            data_out[3]
                            (output port)
  Path Group:             (none)
  Path Type:              Max at Slow Process Corner
  Data Path Delay:        7.336ns  (logic 3.073ns (41.895%)  route 4.262ns (58.105%))
  Logic Levels:           1  (OBUF=1)
  Clock Uncertainty:      0.025ns  ((TSJ^2 + TIJ^2)^1/2 + DJ) / 2 + PE
    Total System Jitter     (TSJ):    0.050ns
    Total Input Jitter      (TIJ):    0.000ns
    Discrete Jitter          (DJ):    0.000ns
    Phase Error              (PE):    0.000ns

    Location             Delay type                Incr(ns)  Path(ns)    Netlist Resource(s)
  -------------------------------------------------------------------    -------------------
                         (clock clk rise edge)        0.000     0.000 r  
    K19                                               0.000     0.000 r  clk (IN)
                         net (fo=0)                   0.000     0.000    clk
    K19                  IBUF (Prop_ibuf_I_O)         0.938     0.938 r  clk_IBUF_inst/O
                         net (fo=1, routed)           2.205     3.143    clk_IBUF
    BUFGCTRL_X0Y16       BUFG (Prop_bufg_I_O)         0.101     3.244 r  clk_IBUF_BUFG_inst/O
                         net (fo=1520, routed)        1.771     5.015    clk_IBUF_BUFG
    SLICE_X103Y71        FDRE                                         r  data_out_reg[3]/C
  -------------------------------------------------------------------    -------------------
    SLICE_X103Y71        FDRE (Prop_fdre_C_Q)         0.456     5.471 r  data_out_reg[3]/Q
                         net (fo=1, routed)           4.262     9.733    data_out_OBUF[3]
    AA13                 OBUF (Prop_obuf_I_O)         2.617    12.350 r  data_out_OBUF[3]_inst/O
                         net (fo=0)                   0.000    12.350    data_out[3]
    AA13                                                              r  data_out[3] (OUT)
  -------------------------------------------------------------------    -------------------

Slack:                    inf
  Source:                 perceptron_inst/score_reg[3]/C
                            (rising edge-triggered cell FDRE clocked by clk  {rise@0.000ns fall@5.000ns period=10.000ns})
  Destination:            ml_score[3]
                            (output port)
  Path Group:             (none)
  Path Type:              Max at Slow Process Corner
  Data Path Delay:        7.225ns  (logic 3.074ns (42.540%)  route 4.152ns (57.460%))
  Logic Levels:           1  (OBUF=1)
  Clock Uncertainty:      0.025ns  ((TSJ^2 + TIJ^2)^1/2 + DJ) / 2 + PE
    Total System Jitter     (TSJ):    0.050ns
    Total Input Jitter      (TIJ):    0.000ns
    Discrete Jitter          (DJ):    0.000ns
    Phase Error              (PE):    0.000ns

    Location             Delay type                Incr(ns)  Path(ns)    Netlist Resource(s)
  -------------------------------------------------------------------    -------------------
                         (clock clk rise edge)        0.000     0.000 r  
    K19                                               0.000     0.000 r  clk (IN)
                         net (fo=0)                   0.000     0.000    clk
    K19                  IBUF (Prop_ibuf_I_O)         0.938     0.938 r  clk_IBUF_inst/O
                         net (fo=1, routed)           2.205     3.143    clk_IBUF
    BUFGCTRL_X0Y16       BUFG (Prop_bufg_I_O)         0.101     3.244 r  clk_IBUF_BUFG_inst/O
                         net (fo=1520, routed)        1.860     5.104    perceptron_inst/clk_IBUF_BUFG
    SLICE_X111Y86        FDRE                                         r  perceptron_inst/score_reg[3]/C
  -------------------------------------------------------------------    -------------------
    SLICE_X111Y86        FDRE (Prop_fdre_C_Q)         0.456     5.560 r  perceptron_inst/score_reg[3]/Q
                         net (fo=1, routed)           4.152     9.711    ml_score_OBUF[3]
    U16                  OBUF (Prop_obuf_I_O)         2.618    12.329 r  ml_score_OBUF[3]_inst/O
                         net (fo=0)                   0.000    12.329    ml_score[3]
    U16                                                               r  ml_score[3] (OUT)
  -------------------------------------------------------------------    -------------------

Slack:                    inf
  Source:                 data_out_reg[6]/C
                            (rising edge-triggered cell FDRE clocked by clk  {rise@0.000ns fall@5.000ns period=10.000ns})
  Destination:            data_out[6]
                            (output port)
  Path Group:             (none)
  Path Type:              Max at Slow Process Corner
  Data Path Delay:        7.311ns  (logic 3.089ns (42.249%)  route 4.222ns (57.751%))
  Logic Levels:           1  (OBUF=1)
  Clock Uncertainty:      0.025ns  ((TSJ^2 + TIJ^2)^1/2 + DJ) / 2 + PE
    Total System Jitter     (TSJ):    0.050ns
    Total Input Jitter      (TIJ):    0.000ns
    Discrete Jitter          (DJ):    0.000ns
    Phase Error              (PE):    0.000ns

    Location             Delay type                Incr(ns)  Path(ns)    Netlist Resource(s)
  -------------------------------------------------------------------    -------------------
                         (clock clk rise edge)        0.000     0.000 r  
    K19                                               0.000     0.000 r  clk (IN)
                         net (fo=0)                   0.000     0.000    clk
    K19                  IBUF (Prop_ibuf_I_O)         0.938     0.938 r  clk_IBUF_inst/O
                         net (fo=1, routed)           2.205     3.143    clk_IBUF
    BUFGCTRL_X0Y16       BUFG (Prop_bufg_I_O)         0.101     3.244 r  clk_IBUF_BUFG_inst/O
                         net (fo=1520, routed)        1.771     5.015    clk_IBUF_BUFG
    SLICE_X103Y71        FDRE                                         r  data_out_reg[6]/C
  -------------------------------------------------------------------    -------------------
    SLICE_X103Y71        FDRE (Prop_fdre_C_Q)         0.456     5.471 r  data_out_reg[6]/Q
                         net (fo=1, routed)           4.222     9.693    data_out_OBUF[6]
    Y14                  OBUF (Prop_obuf_I_O)         2.633    12.326 r  data_out_OBUF[6]_inst/O
                         net (fo=0)                   0.000    12.326    data_out[6]
    Y14                                                               r  data_out[6] (OUT)
  -------------------------------------------------------------------    -------------------





Min Delay Paths
--------------------------------------------------------------------------------------
Slack:                    inf
  Source:                 bootstrap_counter_reg[2]/C
                            (rising edge-triggered cell FDRE clocked by clk  {rise@0.000ns fall@5.000ns period=10.000ns})
  Destination:            bootstrap_count[2]
                            (output port)
  Path Group:             (none)
  Path Type:              Min at Fast Process Corner
  Data Path Delay:        1.610ns  (logic 1.262ns (78.391%)  route 0.348ns (21.609%))
  Logic Levels:           1  (OBUF=1)
  Clock Uncertainty:      0.025ns  ((TSJ^2 + TIJ^2)^1/2 + DJ) / 2 + PE
    Total System Jitter     (TSJ):    0.050ns
    Total Input Jitter      (TIJ):    0.000ns
    Discrete Jitter          (DJ):    0.000ns
    Phase Error              (PE):    0.000ns

    Location             Delay type                Incr(ns)  Path(ns)    Netlist Resource(s)
  -------------------------------------------------------------------    -------------------
                         (clock clk rise edge)        0.000     0.000 r  
    K19                                               0.000     0.000 r  clk (IN)
                         net (fo=0)                   0.000     0.000    clk
    K19                  IBUF (Prop_ibuf_I_O)         0.167     0.167 r  clk_IBUF_inst/O
                         net (fo=1, routed)           0.674     0.841    clk_IBUF
    BUFGCTRL_X0Y16       BUFG (Prop_bufg_I_O)         0.026     0.867 r  clk_IBUF_BUFG_inst/O
                         net (fo=1520, routed)        0.631     1.498    clk_IBUF_BUFG
    SLICE_X113Y83        FDRE                                         r  bootstrap_counter_reg[2]/C
  -------------------------------------------------------------------    -------------------
    SLICE_X113Y83        FDRE (Prop_fdre_C_Q)         0.141     1.639 r  bootstrap_counter_reg[2]/Q
                         net (fo=3, routed)           0.348     1.986    bootstrap_count_OBUF[2]
    J21                  OBUF (Prop_obuf_I_O)         1.121     3.107 r  bootstrap_count_OBUF[2]_inst/O
                         net (fo=0)                   0.000     3.107    bootstrap_count[2]
    J21                                                               r  bootstrap_count[2] (OUT)
  -------------------------------------------------------------------    -------------------

Slack:                    inf
  Source:                 bootstrap_counter_reg[0]/C
                            (rising edge-triggered cell FDRE clocked by clk  {rise@0.000ns fall@5.000ns period=10.000ns})
  Destination:            bootstrap_count[0]
                            (output port)
  Path Group:             (none)
  Path Type:              Min at Fast Process Corner
  Data Path Delay:        1.610ns  (logic 1.260ns (78.248%)  route 0.350ns (21.752%))
  Logic Levels:           1  (OBUF=1)
  Clock Uncertainty:      0.025ns  ((TSJ^2 + TIJ^2)^1/2 + DJ) / 2 + PE
    Total System Jitter     (TSJ):    0.050ns
    Total Input Jitter      (TIJ):    0.000ns
    Discrete Jitter          (DJ):    0.000ns
    Phase Error              (PE):    0.000ns

    Location             Delay type                Incr(ns)  Path(ns)    Netlist Resource(s)
  -------------------------------------------------------------------    -------------------
                         (clock clk rise edge)        0.000     0.000 r  
    K19                                               0.000     0.000 r  clk (IN)
                         net (fo=0)                   0.000     0.000    clk
    K19                  IBUF (Prop_ibuf_I_O)         0.167     0.167 r  clk_IBUF_inst/O
                         net (fo=1, routed)           0.674     0.841    clk_IBUF
    BUFGCTRL_X0Y16       BUFG (Prop_bufg_I_O)         0.026     0.867 r  clk_IBUF_BUFG_inst/O
                         net (fo=1520, routed)        0.631     1.498    clk_IBUF_BUFG
    SLICE_X113Y83        FDRE                                         r  bootstrap_counter_reg[0]/C
  -------------------------------------------------------------------    -------------------
    SLICE_X113Y83        FDRE (Prop_fdre_C_Q)         0.141     1.639 r  bootstrap_counter_reg[0]/Q
                         net (fo=5, routed)           0.350     1.989    bootstrap_count_OBUF[0]
    J20                  OBUF (Prop_obuf_I_O)         1.119     3.108 r  bootstrap_count_OBUF[0]_inst/O
                         net (fo=0)                   0.000     3.108    bootstrap_count[0]
    J20                                                               r  bootstrap_count[0] (OUT)
  -------------------------------------------------------------------    -------------------

Slack:                    inf
  Source:                 bootstrap_counter_reg[1]/C
                            (rising edge-triggered cell FDRE clocked by clk  {rise@0.000ns fall@5.000ns period=10.000ns})
  Destination:            bootstrap_count[1]
                            (output port)
  Path Group:             (none)
  Path Type:              Min at Fast Process Corner
  Data Path Delay:        1.664ns  (logic 1.319ns (79.250%)  route 0.345ns (20.750%))
  Logic Levels:           1  (OBUF=1)
  Clock Uncertainty:      0.025ns  ((TSJ^2 + TIJ^2)^1/2 + DJ) / 2 + PE
    Total System Jitter     (TSJ):    0.050ns
    Total Input Jitter      (TIJ):    0.000ns
    Discrete Jitter          (DJ):    0.000ns
    Phase Error              (PE):    0.000ns

    Location             Delay type                Incr(ns)  Path(ns)    Netlist Resource(s)
  -------------------------------------------------------------------    -------------------
                         (clock clk rise edge)        0.000     0.000 r  
    K19                                               0.000     0.000 r  clk (IN)
                         net (fo=0)                   0.000     0.000    clk
    K19                  IBUF (Prop_ibuf_I_O)         0.167     0.167 r  clk_IBUF_inst/O
                         net (fo=1, routed)           0.674     0.841    clk_IBUF
    BUFGCTRL_X0Y16       BUFG (Prop_bufg_I_O)         0.026     0.867 r  clk_IBUF_BUFG_inst/O
                         net (fo=1520, routed)        0.631     1.498    clk_IBUF_BUFG
    SLICE_X113Y83        FDRE                                         r  bootstrap_counter_reg[1]/C
  -------------------------------------------------------------------    -------------------
    SLICE_X113Y83        FDRE (Prop_fdre_C_Q)         0.128     1.626 r  bootstrap_counter_reg[1]/Q
                         net (fo=4, routed)           0.345     1.971    bootstrap_count_OBUF[1]
    J22                  OBUF (Prop_obuf_I_O)         1.191     3.162 r  bootstrap_count_OBUF[1]_inst/O
                         net (fo=0)                   0.000     3.162    bootstrap_count[1]
    J22                                                               r  bootstrap_count[1] (OUT)
  -------------------------------------------------------------------    -------------------

Slack:                    inf
  Source:                 prefetch_start_event_reg/C
                            (rising edge-triggered cell FDRE clocked by clk  {rise@0.000ns fall@5.000ns period=10.000ns})
  Destination:            prefetch_start_event
                            (output port)
  Path Group:             (none)
  Path Type:              Min at Fast Process Corner
  Data Path Delay:        1.743ns  (logic 1.299ns (74.549%)  route 0.444ns (25.451%))
  Logic Levels:           1  (OBUF=1)
  Clock Uncertainty:      0.025ns  ((TSJ^2 + TIJ^2)^1/2 + DJ) / 2 + PE
    Total System Jitter     (TSJ):    0.050ns
    Total Input Jitter      (TIJ):    0.000ns
    Discrete Jitter          (DJ):    0.000ns
    Phase Error              (PE):    0.000ns

    Location             Delay type                Incr(ns)  Path(ns)    Netlist Resource(s)
  -------------------------------------------------------------------    -------------------
                         (clock clk rise edge)        0.000     0.000 r  
    K19                                               0.000     0.000 r  clk (IN)
                         net (fo=0)                   0.000     0.000    clk
    K19                  IBUF (Prop_ibuf_I_O)         0.167     0.167 r  clk_IBUF_inst/O
                         net (fo=1, routed)           0.674     0.841    clk_IBUF
    BUFGCTRL_X0Y16       BUFG (Prop_bufg_I_O)         0.026     0.867 r  clk_IBUF_BUFG_inst/O
                         net (fo=1520, routed)        0.634     1.501    clk_IBUF_BUFG
    SLICE_X111Y89        FDRE                                         r  prefetch_start_event_reg/C
  -------------------------------------------------------------------    -------------------
    SLICE_X111Y89        FDRE (Prop_fdre_C_Q)         0.141     1.642 r  prefetch_start_event_reg/Q
                         net (fo=1, routed)           0.444     2.085    prefetch_start_event_OBUF
    J16                  OBUF (Prop_obuf_I_O)         1.158     3.244 r  prefetch_start_event_OBUF_inst/O
                         net (fo=0)                   0.000     3.244    prefetch_start_event
    J16                                                               r  prefetch_start_event (OUT)
  -------------------------------------------------------------------    -------------------

Slack:                    inf
  Source:                 predictor_inst/candidate_valid_reg_lopt_replica/C
                            (rising edge-triggered cell FDRE clocked by clk  {rise@0.000ns fall@5.000ns period=10.000ns})
  Destination:            prediction_valid
                            (output port)
  Path Group:             (none)
  Path Type:              Min at Fast Process Corner
  Data Path Delay:        1.774ns  (logic 1.280ns (72.170%)  route 0.494ns (27.830%))
  Logic Levels:           1  (OBUF=1)
  Clock Uncertainty:      0.025ns  ((TSJ^2 + TIJ^2)^1/2 + DJ) / 2 + PE
    Total System Jitter     (TSJ):    0.050ns
    Total Input Jitter      (TIJ):    0.000ns
    Discrete Jitter          (DJ):    0.000ns
    Phase Error              (PE):    0.000ns

    Location             Delay type                Incr(ns)  Path(ns)    Netlist Resource(s)
  -------------------------------------------------------------------    -------------------
                         (clock clk rise edge)        0.000     0.000 r  
    K19                                               0.000     0.000 r  clk (IN)
                         net (fo=0)                   0.000     0.000    clk
    K19                  IBUF (Prop_ibuf_I_O)         0.167     0.167 r  clk_IBUF_inst/O
                         net (fo=1, routed)           0.674     0.841    clk_IBUF
    BUFGCTRL_X0Y16       BUFG (Prop_bufg_I_O)         0.026     0.867 r  clk_IBUF_BUFG_inst/O
                         net (fo=1520, routed)        0.606     1.473    predictor_inst/clk_IBUF_BUFG
    SLICE_X105Y89        FDRE                                         r  predictor_inst/candidate_valid_reg_lopt_replica/C
  -------------------------------------------------------------------    -------------------
    SLICE_X105Y89        FDRE (Prop_fdre_C_Q)         0.141     1.614 r  predictor_inst/candidate_valid_reg_lopt_replica/Q
                         net (fo=1, routed)           0.494     2.107    lopt_6
    K16                  OBUF (Prop_obuf_I_O)         1.139     3.246 r  prediction_valid_OBUF_inst/O
                         net (fo=0)                   0.000     3.246    prediction_valid
    K16                                                               r  prediction_valid (OUT)
  -------------------------------------------------------------------    -------------------

Slack:                    inf
  Source:                 ml_accept_event_reg/C
                            (rising edge-triggered cell FDRE clocked by clk  {rise@0.000ns fall@5.000ns period=10.000ns})
  Destination:            ml_accept_event
                            (output port)
  Path Group:             (none)
  Path Type:              Min at Fast Process Corner
  Data Path Delay:        1.774ns  (logic 1.351ns (76.145%)  route 0.423ns (23.855%))
  Logic Levels:           1  (OBUF=1)
  Clock Uncertainty:      0.025ns  ((TSJ^2 + TIJ^2)^1/2 + DJ) / 2 + PE
    Total System Jitter     (TSJ):    0.050ns
    Total Input Jitter      (TIJ):    0.000ns
    Discrete Jitter          (DJ):    0.000ns
    Phase Error              (PE):    0.000ns

    Location             Delay type                Incr(ns)  Path(ns)    Netlist Resource(s)
  -------------------------------------------------------------------    -------------------
                         (clock clk rise edge)        0.000     0.000 r  
    K19                                               0.000     0.000 r  clk (IN)
                         net (fo=0)                   0.000     0.000    clk
    K19                  IBUF (Prop_ibuf_I_O)         0.167     0.167 r  clk_IBUF_inst/O
                         net (fo=1, routed)           0.674     0.841    clk_IBUF
    BUFGCTRL_X0Y16       BUFG (Prop_bufg_I_O)         0.026     0.867 r  clk_IBUF_BUFG_inst/O
                         net (fo=1520, routed)        0.632     1.499    clk_IBUF_BUFG
    SLICE_X112Y84        FDRE                                         r  ml_accept_event_reg/C
  -------------------------------------------------------------------    -------------------
    SLICE_X112Y84        FDRE (Prop_fdre_C_Q)         0.164     1.663 r  ml_accept_event_reg/Q
                         net (fo=1, routed)           0.423     2.086    ml_accept_event_OBUF
    M17                  OBUF (Prop_obuf_I_O)         1.187     3.273 r  ml_accept_event_OBUF_inst/O
                         net (fo=0)                   0.000     3.273    ml_accept_event
    M17                                                               r  ml_accept_event (OUT)
  -------------------------------------------------------------------    -------------------

Slack:                    inf
  Source:                 predictor_inst/candidate_addr_reg[4]_lopt_replica/C
                            (rising edge-triggered cell FDRE clocked by clk  {rise@0.000ns fall@5.000ns period=10.000ns})
  Destination:            predicted_addr[4]
                            (output port)
  Path Group:             (none)
  Path Type:              Min at Fast Process Corner
  Data Path Delay:        1.809ns  (logic 1.247ns (68.931%)  route 0.562ns (31.069%))
  Logic Levels:           1  (OBUF=1)
  Clock Uncertainty:      0.025ns  ((TSJ^2 + TIJ^2)^1/2 + DJ) / 2 + PE
    Total System Jitter     (TSJ):    0.050ns
    Total Input Jitter      (TIJ):    0.000ns
    Discrete Jitter          (DJ):    0.000ns
    Phase Error              (PE):    0.000ns

    Location             Delay type                Incr(ns)  Path(ns)    Netlist Resource(s)
  -------------------------------------------------------------------    -------------------
                         (clock clk rise edge)        0.000     0.000 r  
    K19                                               0.000     0.000 r  clk (IN)
                         net (fo=0)                   0.000     0.000    clk
    K19                  IBUF (Prop_ibuf_I_O)         0.167     0.167 r  clk_IBUF_inst/O
                         net (fo=1, routed)           0.674     0.841    clk_IBUF
    BUFGCTRL_X0Y16       BUFG (Prop_bufg_I_O)         0.026     0.867 r  clk_IBUF_BUFG_inst/O
                         net (fo=1520, routed)        0.601     1.468    predictor_inst/clk_IBUF_BUFG
    SLICE_X101Y81        FDRE                                         r  predictor_inst/candidate_addr_reg[4]_lopt_replica/C
  -------------------------------------------------------------------    -------------------
    SLICE_X101Y81        FDRE (Prop_fdre_C_Q)         0.141     1.609 r  predictor_inst/candidate_addr_reg[4]_lopt_replica/Q
                         net (fo=1, routed)           0.562     2.171    lopt_4
    L21                  OBUF (Prop_obuf_I_O)         1.106     3.277 r  predicted_addr_OBUF[4]_inst/O
                         net (fo=0)                   0.000     3.277    predicted_addr[4]
    L21                                                               r  predicted_addr[4] (OUT)
  -------------------------------------------------------------------    -------------------

Slack:                    inf
  Source:                 tracker_inst/prefetch_useless_event_reg_lopt_replica/C
                            (rising edge-triggered cell FDRE clocked by clk  {rise@0.000ns fall@5.000ns period=10.000ns})
  Destination:            prefetch_useless_event
                            (output port)
  Path Group:             (none)
  Path Type:              Min at Fast Process Corner
  Data Path Delay:        1.785ns  (logic 1.277ns (71.527%)  route 0.508ns (28.473%))
  Logic Levels:           1  (OBUF=1)
  Clock Uncertainty:      0.025ns  ((TSJ^2 + TIJ^2)^1/2 + DJ) / 2 + PE
    Total System Jitter     (TSJ):    0.050ns
    Total Input Jitter      (TIJ):    0.000ns
    Discrete Jitter          (DJ):    0.000ns
    Phase Error              (PE):    0.000ns

    Location             Delay type                Incr(ns)  Path(ns)    Netlist Resource(s)
  -------------------------------------------------------------------    -------------------
                         (clock clk rise edge)        0.000     0.000 r  
    K19                                               0.000     0.000 r  clk (IN)
                         net (fo=0)                   0.000     0.000    clk
    K19                  IBUF (Prop_ibuf_I_O)         0.167     0.167 r  clk_IBUF_inst/O
                         net (fo=1, routed)           0.674     0.841    clk_IBUF
    BUFGCTRL_X0Y16       BUFG (Prop_bufg_I_O)         0.026     0.867 r  clk_IBUF_BUFG_inst/O
                         net (fo=1520, routed)        0.630     1.497    tracker_inst/clk_IBUF_BUFG
    SLICE_X106Y83        FDRE                                         r  tracker_inst/prefetch_useless_event_reg_lopt_replica/C
  -------------------------------------------------------------------    -------------------
    SLICE_X106Y83        FDRE (Prop_fdre_C_Q)         0.141     1.638 r  tracker_inst/prefetch_useless_event_reg_lopt_replica/Q
                         net (fo=1, routed)           0.508     2.146    lopt_8
    J15                  OBUF (Prop_obuf_I_O)         1.136     3.282 r  prefetch_useless_event_OBUF_inst/O
                         net (fo=0)                   0.000     3.282    prefetch_useless_event
    J15                                                               r  prefetch_useless_event (OUT)
  -------------------------------------------------------------------    -------------------

Slack:                    inf
  Source:                 ml_reject_event_reg/C
                            (rising edge-triggered cell FDRE clocked by clk  {rise@0.000ns fall@5.000ns period=10.000ns})
  Destination:            ml_reject_event
                            (output port)
  Path Group:             (none)
  Path Type:              Min at Fast Process Corner
  Data Path Delay:        1.787ns  (logic 1.291ns (72.255%)  route 0.496ns (27.745%))
  Logic Levels:           1  (OBUF=1)
  Clock Uncertainty:      0.025ns  ((TSJ^2 + TIJ^2)^1/2 + DJ) / 2 + PE
    Total System Jitter     (TSJ):    0.050ns
    Total Input Jitter      (TIJ):    0.000ns
    Discrete Jitter          (DJ):    0.000ns
    Phase Error              (PE):    0.000ns

    Location             Delay type                Incr(ns)  Path(ns)    Netlist Resource(s)
  -------------------------------------------------------------------    -------------------
                         (clock clk rise edge)        0.000     0.000 r  
    K19                                               0.000     0.000 r  clk (IN)
                         net (fo=0)                   0.000     0.000    clk
    K19                  IBUF (Prop_ibuf_I_O)         0.167     0.167 r  clk_IBUF_inst/O
                         net (fo=1, routed)           0.674     0.841    clk_IBUF
    BUFGCTRL_X0Y16       BUFG (Prop_bufg_I_O)         0.026     0.867 r  clk_IBUF_BUFG_inst/O
                         net (fo=1520, routed)        0.631     1.498    clk_IBUF_BUFG
    SLICE_X108Y84        FDRE                                         r  ml_reject_event_reg/C
  -------------------------------------------------------------------    -------------------
    SLICE_X108Y84        FDRE (Prop_fdre_C_Q)         0.164     1.662 r  ml_reject_event_reg/Q
                         net (fo=1, routed)           0.496     2.157    ml_reject_event_OBUF
    L16                  OBUF (Prop_obuf_I_O)         1.127     3.284 r  ml_reject_event_OBUF_inst/O
                         net (fo=0)                   0.000     3.284    ml_reject_event
    L16                                                               r  ml_reject_event (OUT)
  -------------------------------------------------------------------    -------------------

Slack:                    inf
  Source:                 predictor_inst/candidate_addr_reg[5]_lopt_replica/C
                            (rising edge-triggered cell FDRE clocked by clk  {rise@0.000ns fall@5.000ns period=10.000ns})
  Destination:            predicted_addr[5]
                            (output port)
  Path Group:             (none)
  Path Type:              Min at Fast Process Corner
  Data Path Delay:        1.823ns  (logic 1.259ns (69.070%)  route 0.564ns (30.930%))
  Logic Levels:           1  (OBUF=1)
  Clock Uncertainty:      0.025ns  ((TSJ^2 + TIJ^2)^1/2 + DJ) / 2 + PE
    Total System Jitter     (TSJ):    0.050ns
    Total Input Jitter      (TIJ):    0.000ns
    Discrete Jitter          (DJ):    0.000ns
    Phase Error              (PE):    0.000ns

    Location             Delay type                Incr(ns)  Path(ns)    Netlist Resource(s)
  -------------------------------------------------------------------    -------------------
                         (clock clk rise edge)        0.000     0.000 r  
    K19                                               0.000     0.000 r  clk (IN)
                         net (fo=0)                   0.000     0.000    clk
    K19                  IBUF (Prop_ibuf_I_O)         0.167     0.167 r  clk_IBUF_inst/O
                         net (fo=1, routed)           0.674     0.841    clk_IBUF
    BUFGCTRL_X0Y16       BUFG (Prop_bufg_I_O)         0.026     0.867 r  clk_IBUF_BUFG_inst/O
                         net (fo=1520, routed)        0.601     1.468    predictor_inst/clk_IBUF_BUFG
    SLICE_X101Y81        FDRE                                         r  predictor_inst/candidate_addr_reg[5]_lopt_replica/C
  -------------------------------------------------------------------    -------------------
    SLICE_X101Y81        FDRE (Prop_fdre_C_Q)         0.141     1.609 r  predictor_inst/candidate_addr_reg[5]_lopt_replica/Q
                         net (fo=1, routed)           0.564     2.172    lopt_5
    K21                  OBUF (Prop_obuf_I_O)         1.118     3.291 r  predicted_addr_OBUF[5]_inst/O
                         net (fo=0)                   0.000     3.291    predicted_addr[5]
    K21                                                               r  predicted_addr[5] (OUT)
  -------------------------------------------------------------------    -------------------





--------------------------------------------------------------------------------------
Path Group:  (none)
From Clock:  
  To Clock:  clk

Max Delay          1583 Endpoints
Min Delay          1583 Endpoints
--------------------------------------------------------------------------------------


Max Delay Paths
--------------------------------------------------------------------------------------
Slack:                    inf
  Source:                 rst
                            (input port)
  Destination:            ram_inst/mem_reg[44][13]/R
                            (rising edge-triggered cell FDRE clocked by clk  {rise@0.000ns fall@5.000ns period=10.000ns})
  Path Group:             (none)
  Path Type:              Setup (Max at Slow Process Corner)
  Data Path Delay:        8.170ns  (logic 0.927ns (11.343%)  route 7.243ns (88.657%))
  Logic Levels:           1  (IBUF=1)
  Clock Path Skew:        4.501ns (DCD - SCD + CPR)
    Destination Clock Delay (DCD):    4.501ns
    Source Clock Delay      (SCD):    0.000ns
    Clock Pessimism Removal (CPR):    0.000ns
  Clock Uncertainty:      0.025ns  ((TSJ^2 + TIJ^2)^1/2 + DJ) / 2 + PE
    Total System Jitter     (TSJ):    0.050ns
    Total Input Jitter      (TIJ):    0.000ns
    Discrete Jitter          (DJ):    0.000ns
    Phase Error              (PE):    0.000ns

    Location             Delay type                Incr(ns)  Path(ns)    Netlist Resource(s)
  -------------------------------------------------------------------    -------------------
    M20                                               0.000     0.000 r  rst (IN)
                         net (fo=0)                   0.000     0.000    rst
    M20                  IBUF (Prop_ibuf_I_O)         0.927     0.927 r  rst_IBUF_inst/O
                         net (fo=1517, routed)        7.243     8.170    ram_inst/SR[0]
    SLICE_X92Y65         FDRE                                         r  ram_inst/mem_reg[44][13]/R
  -------------------------------------------------------------------    -------------------

                         (clock clk rise edge)        0.000     0.000 r  
    K19                                               0.000     0.000 r  clk (IN)
                         net (fo=0)                   0.000     0.000    clk
    K19                  IBUF (Prop_ibuf_I_O)         0.804     0.804 r  clk_IBUF_inst/O
                         net (fo=1, routed)           2.006     2.810    clk_IBUF
    BUFGCTRL_X0Y16       BUFG (Prop_bufg_I_O)         0.091     2.901 r  clk_IBUF_BUFG_inst/O
                         net (fo=1520, routed)        1.600     4.501    ram_inst/clk_IBUF_BUFG
    SLICE_X92Y65         FDRE                                         r  ram_inst/mem_reg[44][13]/C

Slack:                    inf
  Source:                 rst
                            (input port)
  Destination:            ram_inst/mem_reg[44][1]/R
                            (rising edge-triggered cell FDRE clocked by clk  {rise@0.000ns fall@5.000ns period=10.000ns})
  Path Group:             (none)
  Path Type:              Setup (Max at Slow Process Corner)
  Data Path Delay:        8.170ns  (logic 0.927ns (11.343%)  route 7.243ns (88.657%))
  Logic Levels:           1  (IBUF=1)
  Clock Path Skew:        4.501ns (DCD - SCD + CPR)
    Destination Clock Delay (DCD):    4.501ns
    Source Clock Delay      (SCD):    0.000ns
    Clock Pessimism Removal (CPR):    0.000ns
  Clock Uncertainty:      0.025ns  ((TSJ^2 + TIJ^2)^1/2 + DJ) / 2 + PE
    Total System Jitter     (TSJ):    0.050ns
    Total Input Jitter      (TIJ):    0.000ns
    Discrete Jitter          (DJ):    0.000ns
    Phase Error              (PE):    0.000ns

    Location             Delay type                Incr(ns)  Path(ns)    Netlist Resource(s)
  -------------------------------------------------------------------    -------------------
    M20                                               0.000     0.000 r  rst (IN)
                         net (fo=0)                   0.000     0.000    rst
    M20                  IBUF (Prop_ibuf_I_O)         0.927     0.927 r  rst_IBUF_inst/O
                         net (fo=1517, routed)        7.243     8.170    ram_inst/SR[0]
    SLICE_X92Y65         FDRE                                         r  ram_inst/mem_reg[44][1]/R
  -------------------------------------------------------------------    -------------------

                         (clock clk rise edge)        0.000     0.000 r  
    K19                                               0.000     0.000 r  clk (IN)
                         net (fo=0)                   0.000     0.000    clk
    K19                  IBUF (Prop_ibuf_I_O)         0.804     0.804 r  clk_IBUF_inst/O
                         net (fo=1, routed)           2.006     2.810    clk_IBUF
    BUFGCTRL_X0Y16       BUFG (Prop_bufg_I_O)         0.091     2.901 r  clk_IBUF_BUFG_inst/O
                         net (fo=1520, routed)        1.600     4.501    ram_inst/clk_IBUF_BUFG
    SLICE_X92Y65         FDRE                                         r  ram_inst/mem_reg[44][1]/C

Slack:                    inf
  Source:                 rst
                            (input port)
  Destination:            ram_inst/mem_reg[44][4]/R
                            (rising edge-triggered cell FDRE clocked by clk  {rise@0.000ns fall@5.000ns period=10.000ns})
  Path Group:             (none)
  Path Type:              Setup (Max at Slow Process Corner)
  Data Path Delay:        8.170ns  (logic 0.927ns (11.343%)  route 7.243ns (88.657%))
  Logic Levels:           1  (IBUF=1)
  Clock Path Skew:        4.501ns (DCD - SCD + CPR)
    Destination Clock Delay (DCD):    4.501ns
    Source Clock Delay      (SCD):    0.000ns
    Clock Pessimism Removal (CPR):    0.000ns
  Clock Uncertainty:      0.025ns  ((TSJ^2 + TIJ^2)^1/2 + DJ) / 2 + PE
    Total System Jitter     (TSJ):    0.050ns
    Total Input Jitter      (TIJ):    0.000ns
    Discrete Jitter          (DJ):    0.000ns
    Phase Error              (PE):    0.000ns

    Location             Delay type                Incr(ns)  Path(ns)    Netlist Resource(s)
  -------------------------------------------------------------------    -------------------
    M20                                               0.000     0.000 r  rst (IN)
                         net (fo=0)                   0.000     0.000    rst
    M20                  IBUF (Prop_ibuf_I_O)         0.927     0.927 r  rst_IBUF_inst/O
                         net (fo=1517, routed)        7.243     8.170    ram_inst/SR[0]
    SLICE_X92Y65         FDRE                                         r  ram_inst/mem_reg[44][4]/R
  -------------------------------------------------------------------    -------------------

                         (clock clk rise edge)        0.000     0.000 r  
    K19                                               0.000     0.000 r  clk (IN)
                         net (fo=0)                   0.000     0.000    clk
    K19                  IBUF (Prop_ibuf_I_O)         0.804     0.804 r  clk_IBUF_inst/O
                         net (fo=1, routed)           2.006     2.810    clk_IBUF
    BUFGCTRL_X0Y16       BUFG (Prop_bufg_I_O)         0.091     2.901 r  clk_IBUF_BUFG_inst/O
                         net (fo=1520, routed)        1.600     4.501    ram_inst/clk_IBUF_BUFG
    SLICE_X92Y65         FDRE                                         r  ram_inst/mem_reg[44][4]/C

Slack:                    inf
  Source:                 rst
                            (input port)
  Destination:            ram_inst/mem_reg[44][7]/R
                            (rising edge-triggered cell FDRE clocked by clk  {rise@0.000ns fall@5.000ns period=10.000ns})
  Path Group:             (none)
  Path Type:              Setup (Max at Slow Process Corner)
  Data Path Delay:        8.170ns  (logic 0.927ns (11.343%)  route 7.243ns (88.657%))
  Logic Levels:           1  (IBUF=1)
  Clock Path Skew:        4.501ns (DCD - SCD + CPR)
    Destination Clock Delay (DCD):    4.501ns
    Source Clock Delay      (SCD):    0.000ns
    Clock Pessimism Removal (CPR):    0.000ns
  Clock Uncertainty:      0.025ns  ((TSJ^2 + TIJ^2)^1/2 + DJ) / 2 + PE
    Total System Jitter     (TSJ):    0.050ns
    Total Input Jitter      (TIJ):    0.000ns
    Discrete Jitter          (DJ):    0.000ns
    Phase Error              (PE):    0.000ns

    Location             Delay type                Incr(ns)  Path(ns)    Netlist Resource(s)
  -------------------------------------------------------------------    -------------------
    M20                                               0.000     0.000 r  rst (IN)
                         net (fo=0)                   0.000     0.000    rst
    M20                  IBUF (Prop_ibuf_I_O)         0.927     0.927 r  rst_IBUF_inst/O
                         net (fo=1517, routed)        7.243     8.170    ram_inst/SR[0]
    SLICE_X92Y65         FDRE                                         r  ram_inst/mem_reg[44][7]/R
  -------------------------------------------------------------------    -------------------

                         (clock clk rise edge)        0.000     0.000 r  
    K19                                               0.000     0.000 r  clk (IN)
                         net (fo=0)                   0.000     0.000    clk
    K19                  IBUF (Prop_ibuf_I_O)         0.804     0.804 r  clk_IBUF_inst/O
                         net (fo=1, routed)           2.006     2.810    clk_IBUF
    BUFGCTRL_X0Y16       BUFG (Prop_bufg_I_O)         0.091     2.901 r  clk_IBUF_BUFG_inst/O
                         net (fo=1520, routed)        1.600     4.501    ram_inst/clk_IBUF_BUFG
    SLICE_X92Y65         FDRE                                         r  ram_inst/mem_reg[44][7]/C

Slack:                    inf
  Source:                 rst
                            (input port)
  Destination:            ram_inst/mem_reg[45][4]/R
                            (rising edge-triggered cell FDRE clocked by clk  {rise@0.000ns fall@5.000ns period=10.000ns})
  Path Group:             (none)
  Path Type:              Setup (Max at Slow Process Corner)
  Data Path Delay:        8.170ns  (logic 0.927ns (11.343%)  route 7.243ns (88.657%))
  Logic Levels:           1  (IBUF=1)
  Clock Path Skew:        4.501ns (DCD - SCD + CPR)
    Destination Clock Delay (DCD):    4.501ns
    Source Clock Delay      (SCD):    0.000ns
    Clock Pessimism Removal (CPR):    0.000ns
  Clock Uncertainty:      0.025ns  ((TSJ^2 + TIJ^2)^1/2 + DJ) / 2 + PE
    Total System Jitter     (TSJ):    0.050ns
    Total Input Jitter      (TIJ):    0.000ns
    Discrete Jitter          (DJ):    0.000ns
    Phase Error              (PE):    0.000ns

    Location             Delay type                Incr(ns)  Path(ns)    Netlist Resource(s)
  -------------------------------------------------------------------    -------------------
    M20                                               0.000     0.000 r  rst (IN)
                         net (fo=0)                   0.000     0.000    rst
    M20                  IBUF (Prop_ibuf_I_O)         0.927     0.927 r  rst_IBUF_inst/O
                         net (fo=1517, routed)        7.243     8.170    ram_inst/SR[0]
    SLICE_X93Y65         FDRE                                         r  ram_inst/mem_reg[45][4]/R
  -------------------------------------------------------------------    -------------------

                         (clock clk rise edge)        0.000     0.000 r  
    K19                                               0.000     0.000 r  clk (IN)
                         net (fo=0)                   0.000     0.000    clk
    K19                  IBUF (Prop_ibuf_I_O)         0.804     0.804 r  clk_IBUF_inst/O
                         net (fo=1, routed)           2.006     2.810    clk_IBUF
    BUFGCTRL_X0Y16       BUFG (Prop_bufg_I_O)         0.091     2.901 r  clk_IBUF_BUFG_inst/O
                         net (fo=1520, routed)        1.600     4.501    ram_inst/clk_IBUF_BUFG
    SLICE_X93Y65         FDRE                                         r  ram_inst/mem_reg[45][4]/C

Slack:                    inf
  Source:                 rst
                            (input port)
  Destination:            ram_inst/mem_reg[45][5]/R
                            (rising edge-triggered cell FDRE clocked by clk  {rise@0.000ns fall@5.000ns period=10.000ns})
  Path Group:             (none)
  Path Type:              Setup (Max at Slow Process Corner)
  Data Path Delay:        8.170ns  (logic 0.927ns (11.343%)  route 7.243ns (88.657%))
  Logic Levels:           1  (IBUF=1)
  Clock Path Skew:        4.501ns (DCD - SCD + CPR)
    Destination Clock Delay (DCD):    4.501ns
    Source Clock Delay      (SCD):    0.000ns
    Clock Pessimism Removal (CPR):    0.000ns
  Clock Uncertainty:      0.025ns  ((TSJ^2 + TIJ^2)^1/2 + DJ) / 2 + PE
    Total System Jitter     (TSJ):    0.050ns
    Total Input Jitter      (TIJ):    0.000ns
    Discrete Jitter          (DJ):    0.000ns
    Phase Error              (PE):    0.000ns

    Location             Delay type                Incr(ns)  Path(ns)    Netlist Resource(s)
  -------------------------------------------------------------------    -------------------
    M20                                               0.000     0.000 r  rst (IN)
                         net (fo=0)                   0.000     0.000    rst
    M20                  IBUF (Prop_ibuf_I_O)         0.927     0.927 r  rst_IBUF_inst/O
                         net (fo=1517, routed)        7.243     8.170    ram_inst/SR[0]
    SLICE_X93Y65         FDRE                                         r  ram_inst/mem_reg[45][5]/R
  -------------------------------------------------------------------    -------------------

                         (clock clk rise edge)        0.000     0.000 r  
    K19                                               0.000     0.000 r  clk (IN)
                         net (fo=0)                   0.000     0.000    clk
    K19                  IBUF (Prop_ibuf_I_O)         0.804     0.804 r  clk_IBUF_inst/O
                         net (fo=1, routed)           2.006     2.810    clk_IBUF
    BUFGCTRL_X0Y16       BUFG (Prop_bufg_I_O)         0.091     2.901 r  clk_IBUF_BUFG_inst/O
                         net (fo=1520, routed)        1.600     4.501    ram_inst/clk_IBUF_BUFG
    SLICE_X93Y65         FDRE                                         r  ram_inst/mem_reg[45][5]/C

Slack:                    inf
  Source:                 rst
                            (input port)
  Destination:            ram_inst/mem_reg[45][7]/R
                            (rising edge-triggered cell FDRE clocked by clk  {rise@0.000ns fall@5.000ns period=10.000ns})
  Path Group:             (none)
  Path Type:              Setup (Max at Slow Process Corner)
  Data Path Delay:        8.170ns  (logic 0.927ns (11.343%)  route 7.243ns (88.657%))
  Logic Levels:           1  (IBUF=1)
  Clock Path Skew:        4.501ns (DCD - SCD + CPR)
    Destination Clock Delay (DCD):    4.501ns
    Source Clock Delay      (SCD):    0.000ns
    Clock Pessimism Removal (CPR):    0.000ns
  Clock Uncertainty:      0.025ns  ((TSJ^2 + TIJ^2)^1/2 + DJ) / 2 + PE
    Total System Jitter     (TSJ):    0.050ns
    Total Input Jitter      (TIJ):    0.000ns
    Discrete Jitter          (DJ):    0.000ns
    Phase Error              (PE):    0.000ns

    Location             Delay type                Incr(ns)  Path(ns)    Netlist Resource(s)
  -------------------------------------------------------------------    -------------------
    M20                                               0.000     0.000 r  rst (IN)
                         net (fo=0)                   0.000     0.000    rst
    M20                  IBUF (Prop_ibuf_I_O)         0.927     0.927 r  rst_IBUF_inst/O
                         net (fo=1517, routed)        7.243     8.170    ram_inst/SR[0]
    SLICE_X93Y65         FDRE                                         r  ram_inst/mem_reg[45][7]/R
  -------------------------------------------------------------------    -------------------

                         (clock clk rise edge)        0.000     0.000 r  
    K19                                               0.000     0.000 r  clk (IN)
                         net (fo=0)                   0.000     0.000    clk
    K19                  IBUF (Prop_ibuf_I_O)         0.804     0.804 r  clk_IBUF_inst/O
                         net (fo=1, routed)           2.006     2.810    clk_IBUF
    BUFGCTRL_X0Y16       BUFG (Prop_bufg_I_O)         0.091     2.901 r  clk_IBUF_BUFG_inst/O
                         net (fo=1520, routed)        1.600     4.501    ram_inst/clk_IBUF_BUFG
    SLICE_X93Y65         FDRE                                         r  ram_inst/mem_reg[45][7]/C

Slack:                    inf
  Source:                 rst
                            (input port)
  Destination:            ram_inst/mem_reg[36][0]/R
                            (rising edge-triggered cell FDRE clocked by clk  {rise@0.000ns fall@5.000ns period=10.000ns})
  Path Group:             (none)
  Path Type:              Setup (Max at Slow Process Corner)
  Data Path Delay:        8.029ns  (logic 0.927ns (11.542%)  route 7.102ns (88.458%))
  Logic Levels:           1  (IBUF=1)
  Clock Path Skew:        4.504ns (DCD - SCD + CPR)
    Destination Clock Delay (DCD):    4.504ns
    Source Clock Delay      (SCD):    0.000ns
    Clock Pessimism Removal (CPR):    0.000ns
  Clock Uncertainty:      0.025ns  ((TSJ^2 + TIJ^2)^1/2 + DJ) / 2 + PE
    Total System Jitter     (TSJ):    0.050ns
    Total Input Jitter      (TIJ):    0.000ns
    Discrete Jitter          (DJ):    0.000ns
    Phase Error              (PE):    0.000ns

    Location             Delay type                Incr(ns)  Path(ns)    Netlist Resource(s)
  -------------------------------------------------------------------    -------------------
    M20                                               0.000     0.000 r  rst (IN)
                         net (fo=0)                   0.000     0.000    rst
    M20                  IBUF (Prop_ibuf_I_O)         0.927     0.927 r  rst_IBUF_inst/O
                         net (fo=1517, routed)        7.102     8.029    ram_inst/SR[0]
    SLICE_X95Y64         FDRE                                         r  ram_inst/mem_reg[36][0]/R
  -------------------------------------------------------------------    -------------------

                         (clock clk rise edge)        0.000     0.000 r  
    K19                                               0.000     0.000 r  clk (IN)
                         net (fo=0)                   0.000     0.000    clk
    K19                  IBUF (Prop_ibuf_I_O)         0.804     0.804 r  clk_IBUF_inst/O
                         net (fo=1, routed)           2.006     2.810    clk_IBUF
    BUFGCTRL_X0Y16       BUFG (Prop_bufg_I_O)         0.091     2.901 r  clk_IBUF_BUFG_inst/O
                         net (fo=1520, routed)        1.603     4.504    ram_inst/clk_IBUF_BUFG
    SLICE_X95Y64         FDRE                                         r  ram_inst/mem_reg[36][0]/C

Slack:                    inf
  Source:                 rst
                            (input port)
  Destination:            ram_inst/mem_reg[36][11]/R
                            (rising edge-triggered cell FDRE clocked by clk  {rise@0.000ns fall@5.000ns period=10.000ns})
  Path Group:             (none)
  Path Type:              Setup (Max at Slow Process Corner)
  Data Path Delay:        8.029ns  (logic 0.927ns (11.542%)  route 7.102ns (88.458%))
  Logic Levels:           1  (IBUF=1)
  Clock Path Skew:        4.504ns (DCD - SCD + CPR)
    Destination Clock Delay (DCD):    4.504ns
    Source Clock Delay      (SCD):    0.000ns
    Clock Pessimism Removal (CPR):    0.000ns
  Clock Uncertainty:      0.025ns  ((TSJ^2 + TIJ^2)^1/2 + DJ) / 2 + PE
    Total System Jitter     (TSJ):    0.050ns
    Total Input Jitter      (TIJ):    0.000ns
    Discrete Jitter          (DJ):    0.000ns
    Phase Error              (PE):    0.000ns

    Location             Delay type                Incr(ns)  Path(ns)    Netlist Resource(s)
  -------------------------------------------------------------------    -------------------
    M20                                               0.000     0.000 r  rst (IN)
                         net (fo=0)                   0.000     0.000    rst
    M20                  IBUF (Prop_ibuf_I_O)         0.927     0.927 r  rst_IBUF_inst/O
                         net (fo=1517, routed)        7.102     8.029    ram_inst/SR[0]
    SLICE_X95Y64         FDRE                                         r  ram_inst/mem_reg[36][11]/R
  -------------------------------------------------------------------    -------------------

                         (clock clk rise edge)        0.000     0.000 r  
    K19                                               0.000     0.000 r  clk (IN)
                         net (fo=0)                   0.000     0.000    clk
    K19                  IBUF (Prop_ibuf_I_O)         0.804     0.804 r  clk_IBUF_inst/O
                         net (fo=1, routed)           2.006     2.810    clk_IBUF
    BUFGCTRL_X0Y16       BUFG (Prop_bufg_I_O)         0.091     2.901 r  clk_IBUF_BUFG_inst/O
                         net (fo=1520, routed)        1.603     4.504    ram_inst/clk_IBUF_BUFG
    SLICE_X95Y64         FDRE                                         r  ram_inst/mem_reg[36][11]/C

Slack:                    inf
  Source:                 rst
                            (input port)
  Destination:            ram_inst/mem_reg[36][13]/R
                            (rising edge-triggered cell FDRE clocked by clk  {rise@0.000ns fall@5.000ns period=10.000ns})
  Path Group:             (none)
  Path Type:              Setup (Max at Slow Process Corner)
  Data Path Delay:        8.029ns  (logic 0.927ns (11.542%)  route 7.102ns (88.458%))
  Logic Levels:           1  (IBUF=1)
  Clock Path Skew:        4.504ns (DCD - SCD + CPR)
    Destination Clock Delay (DCD):    4.504ns
    Source Clock Delay      (SCD):    0.000ns
    Clock Pessimism Removal (CPR):    0.000ns
  Clock Uncertainty:      0.025ns  ((TSJ^2 + TIJ^2)^1/2 + DJ) / 2 + PE
    Total System Jitter     (TSJ):    0.050ns
    Total Input Jitter      (TIJ):    0.000ns
    Discrete Jitter          (DJ):    0.000ns
    Phase Error              (PE):    0.000ns

    Location             Delay type                Incr(ns)  Path(ns)    Netlist Resource(s)
  -------------------------------------------------------------------    -------------------
    M20                                               0.000     0.000 r  rst (IN)
                         net (fo=0)                   0.000     0.000    rst
    M20                  IBUF (Prop_ibuf_I_O)         0.927     0.927 r  rst_IBUF_inst/O
                         net (fo=1517, routed)        7.102     8.029    ram_inst/SR[0]
    SLICE_X95Y64         FDRE                                         r  ram_inst/mem_reg[36][13]/R
  -------------------------------------------------------------------    -------------------

                         (clock clk rise edge)        0.000     0.000 r  
    K19                                               0.000     0.000 r  clk (IN)
                         net (fo=0)                   0.000     0.000    clk
    K19                  IBUF (Prop_ibuf_I_O)         0.804     0.804 r  clk_IBUF_inst/O
                         net (fo=1, routed)           2.006     2.810    clk_IBUF
    BUFGCTRL_X0Y16       BUFG (Prop_bufg_I_O)         0.091     2.901 r  clk_IBUF_BUFG_inst/O
                         net (fo=1520, routed)        1.603     4.504    ram_inst/clk_IBUF_BUFG
    SLICE_X95Y64         FDRE                                         r  ram_inst/mem_reg[36][13]/C





Min Delay Paths
--------------------------------------------------------------------------------------
Slack:                    inf
  Source:                 rst
                            (input port)
  Destination:            ram_inst/mem_reg[30][9]/R
                            (rising edge-triggered cell FDRE clocked by clk  {rise@0.000ns fall@5.000ns period=10.000ns})
  Path Group:             (none)
  Path Type:              Hold (Min at Fast Process Corner)
  Data Path Delay:        0.553ns  (logic 0.156ns (28.208%)  route 0.397ns (71.792%))
  Logic Levels:           1  (IBUF=1)
  Clock Path Skew:        2.008ns (DCD - SCD - CPR)
    Destination Clock Delay (DCD):    2.008ns
    Source Clock Delay      (SCD):    0.000ns
    Clock Pessimism Removal (CPR):    -0.000ns

    Location             Delay type                Incr(ns)  Path(ns)    Netlist Resource(s)
  -------------------------------------------------------------------    -------------------
    M20                                               0.000     0.000 r  rst (IN)
                         net (fo=0)                   0.000     0.000    rst
    M20                  IBUF (Prop_ibuf_I_O)         0.156     0.156 r  rst_IBUF_inst/O
                         net (fo=1517, routed)        0.397     0.553    ram_inst/SR[0]
    SLICE_X112Y73        FDRE                                         r  ram_inst/mem_reg[30][9]/R
  -------------------------------------------------------------------    -------------------

                         (clock clk rise edge)        0.000     0.000 r  
    K19                                               0.000     0.000 r  clk (IN)
                         net (fo=0)                   0.000     0.000    clk
    K19                  IBUF (Prop_ibuf_I_O)         0.355     0.355 r  clk_IBUF_inst/O
                         net (fo=1, routed)           0.731     1.086    clk_IBUF
    BUFGCTRL_X0Y16       BUFG (Prop_bufg_I_O)         0.029     1.115 r  clk_IBUF_BUFG_inst/O
                         net (fo=1520, routed)        0.893     2.008    ram_inst/clk_IBUF_BUFG
    SLICE_X112Y73        FDRE                                         r  ram_inst/mem_reg[30][9]/C

Slack:                    inf
  Source:                 rst
                            (input port)
  Destination:            ram_inst/mem_reg[16][10]/R
                            (rising edge-triggered cell FDRE clocked by clk  {rise@0.000ns fall@5.000ns period=10.000ns})
  Path Group:             (none)
  Path Type:              Hold (Min at Fast Process Corner)
  Data Path Delay:        0.611ns  (logic 0.156ns (25.536%)  route 0.455ns (74.464%))
  Logic Levels:           1  (IBUF=1)
  Clock Path Skew:        2.007ns (DCD - SCD - CPR)
    Destination Clock Delay (DCD):    2.007ns
    Source Clock Delay      (SCD):    0.000ns
    Clock Pessimism Removal (CPR):    -0.000ns

    Location             Delay type                Incr(ns)  Path(ns)    Netlist Resource(s)
  -------------------------------------------------------------------    -------------------
    M20                                               0.000     0.000 r  rst (IN)
                         net (fo=0)                   0.000     0.000    rst
    M20                  IBUF (Prop_ibuf_I_O)         0.156     0.156 r  rst_IBUF_inst/O
                         net (fo=1517, routed)        0.455     0.611    ram_inst/SR[0]
    SLICE_X112Y75        FDRE                                         r  ram_inst/mem_reg[16][10]/R
  -------------------------------------------------------------------    -------------------

                         (clock clk rise edge)        0.000     0.000 r  
    K19                                               0.000     0.000 r  clk (IN)
                         net (fo=0)                   0.000     0.000    clk
    K19                  IBUF (Prop_ibuf_I_O)         0.355     0.355 r  clk_IBUF_inst/O
                         net (fo=1, routed)           0.731     1.086    clk_IBUF
    BUFGCTRL_X0Y16       BUFG (Prop_bufg_I_O)         0.029     1.115 r  clk_IBUF_BUFG_inst/O
                         net (fo=1520, routed)        0.892     2.007    ram_inst/clk_IBUF_BUFG
    SLICE_X112Y75        FDRE                                         r  ram_inst/mem_reg[16][10]/C

Slack:                    inf
  Source:                 rst
                            (input port)
  Destination:            ram_inst/mem_reg[16][5]/R
                            (rising edge-triggered cell FDRE clocked by clk  {rise@0.000ns fall@5.000ns period=10.000ns})
  Path Group:             (none)
  Path Type:              Hold (Min at Fast Process Corner)
  Data Path Delay:        0.611ns  (logic 0.156ns (25.536%)  route 0.455ns (74.464%))
  Logic Levels:           1  (IBUF=1)
  Clock Path Skew:        2.007ns (DCD - SCD - CPR)
    Destination Clock Delay (DCD):    2.007ns
    Source Clock Delay      (SCD):    0.000ns
    Clock Pessimism Removal (CPR):    -0.000ns

    Location             Delay type                Incr(ns)  Path(ns)    Netlist Resource(s)
  -------------------------------------------------------------------    -------------------
    M20                                               0.000     0.000 r  rst (IN)
                         net (fo=0)                   0.000     0.000    rst
    M20                  IBUF (Prop_ibuf_I_O)         0.156     0.156 r  rst_IBUF_inst/O
                         net (fo=1517, routed)        0.455     0.611    ram_inst/SR[0]
    SLICE_X112Y75        FDRE                                         r  ram_inst/mem_reg[16][5]/R
  -------------------------------------------------------------------    -------------------

                         (clock clk rise edge)        0.000     0.000 r  
    K19                                               0.000     0.000 r  clk (IN)
                         net (fo=0)                   0.000     0.000    clk
    K19                  IBUF (Prop_ibuf_I_O)         0.355     0.355 r  clk_IBUF_inst/O
                         net (fo=1, routed)           0.731     1.086    clk_IBUF
    BUFGCTRL_X0Y16       BUFG (Prop_bufg_I_O)         0.029     1.115 r  clk_IBUF_BUFG_inst/O
                         net (fo=1520, routed)        0.892     2.007    ram_inst/clk_IBUF_BUFG
    SLICE_X112Y75        FDRE                                         r  ram_inst/mem_reg[16][5]/C

Slack:                    inf
  Source:                 rst
                            (input port)
  Destination:            ram_inst/mem_reg[16][7]/R
                            (rising edge-triggered cell FDRE clocked by clk  {rise@0.000ns fall@5.000ns period=10.000ns})
  Path Group:             (none)
  Path Type:              Hold (Min at Fast Process Corner)
  Data Path Delay:        0.611ns  (logic 0.156ns (25.536%)  route 0.455ns (74.464%))
  Logic Levels:           1  (IBUF=1)
  Clock Path Skew:        2.007ns (DCD - SCD - CPR)
    Destination Clock Delay (DCD):    2.007ns
    Source Clock Delay      (SCD):    0.000ns
    Clock Pessimism Removal (CPR):    -0.000ns

    Location             Delay type                Incr(ns)  Path(ns)    Netlist Resource(s)
  -------------------------------------------------------------------    -------------------
    M20                                               0.000     0.000 r  rst (IN)
                         net (fo=0)                   0.000     0.000    rst
    M20                  IBUF (Prop_ibuf_I_O)         0.156     0.156 r  rst_IBUF_inst/O
                         net (fo=1517, routed)        0.455     0.611    ram_inst/SR[0]
    SLICE_X112Y75        FDRE                                         r  ram_inst/mem_reg[16][7]/R
  -------------------------------------------------------------------    -------------------

                         (clock clk rise edge)        0.000     0.000 r  
    K19                                               0.000     0.000 r  clk (IN)
                         net (fo=0)                   0.000     0.000    clk
    K19                  IBUF (Prop_ibuf_I_O)         0.355     0.355 r  clk_IBUF_inst/O
                         net (fo=1, routed)           0.731     1.086    clk_IBUF
    BUFGCTRL_X0Y16       BUFG (Prop_bufg_I_O)         0.029     1.115 r  clk_IBUF_BUFG_inst/O
                         net (fo=1520, routed)        0.892     2.007    ram_inst/clk_IBUF_BUFG
    SLICE_X112Y75        FDRE                                         r  ram_inst/mem_reg[16][7]/C

Slack:                    inf
  Source:                 rst
                            (input port)
  Destination:            ram_inst/mem_reg[16][9]/R
                            (rising edge-triggered cell FDRE clocked by clk  {rise@0.000ns fall@5.000ns period=10.000ns})
  Path Group:             (none)
  Path Type:              Hold (Min at Fast Process Corner)
  Data Path Delay:        0.611ns  (logic 0.156ns (25.536%)  route 0.455ns (74.464%))
  Logic Levels:           1  (IBUF=1)
  Clock Path Skew:        2.007ns (DCD - SCD - CPR)
    Destination Clock Delay (DCD):    2.007ns
    Source Clock Delay      (SCD):    0.000ns
    Clock Pessimism Removal (CPR):    -0.000ns

    Location             Delay type                Incr(ns)  Path(ns)    Netlist Resource(s)
  -------------------------------------------------------------------    -------------------
    M20                                               0.000     0.000 r  rst (IN)
                         net (fo=0)                   0.000     0.000    rst
    M20                  IBUF (Prop_ibuf_I_O)         0.156     0.156 r  rst_IBUF_inst/O
                         net (fo=1517, routed)        0.455     0.611    ram_inst/SR[0]
    SLICE_X112Y75        FDRE                                         r  ram_inst/mem_reg[16][9]/R
  -------------------------------------------------------------------    -------------------

                         (clock clk rise edge)        0.000     0.000 r  
    K19                                               0.000     0.000 r  clk (IN)
                         net (fo=0)                   0.000     0.000    clk
    K19                  IBUF (Prop_ibuf_I_O)         0.355     0.355 r  clk_IBUF_inst/O
                         net (fo=1, routed)           0.731     1.086    clk_IBUF
    BUFGCTRL_X0Y16       BUFG (Prop_bufg_I_O)         0.029     1.115 r  clk_IBUF_BUFG_inst/O
                         net (fo=1520, routed)        0.892     2.007    ram_inst/clk_IBUF_BUFG
    SLICE_X112Y75        FDRE                                         r  ram_inst/mem_reg[16][9]/C

Slack:                    inf
  Source:                 rst
                            (input port)
  Destination:            ram_inst/mem_reg[18][10]/R
                            (rising edge-triggered cell FDRE clocked by clk  {rise@0.000ns fall@5.000ns period=10.000ns})
  Path Group:             (none)
  Path Type:              Hold (Min at Fast Process Corner)
  Data Path Delay:        0.611ns  (logic 0.156ns (25.536%)  route 0.455ns (74.464%))
  Logic Levels:           1  (IBUF=1)
  Clock Path Skew:        2.007ns (DCD - SCD - CPR)
    Destination Clock Delay (DCD):    2.007ns
    Source Clock Delay      (SCD):    0.000ns
    Clock Pessimism Removal (CPR):    -0.000ns

    Location             Delay type                Incr(ns)  Path(ns)    Netlist Resource(s)
  -------------------------------------------------------------------    -------------------
    M20                                               0.000     0.000 r  rst (IN)
                         net (fo=0)                   0.000     0.000    rst
    M20                  IBUF (Prop_ibuf_I_O)         0.156     0.156 r  rst_IBUF_inst/O
                         net (fo=1517, routed)        0.455     0.611    ram_inst/SR[0]
    SLICE_X113Y75        FDRE                                         r  ram_inst/mem_reg[18][10]/R
  -------------------------------------------------------------------    -------------------

                         (clock clk rise edge)        0.000     0.000 r  
    K19                                               0.000     0.000 r  clk (IN)
                         net (fo=0)                   0.000     0.000    clk
    K19                  IBUF (Prop_ibuf_I_O)         0.355     0.355 r  clk_IBUF_inst/O
                         net (fo=1, routed)           0.731     1.086    clk_IBUF
    BUFGCTRL_X0Y16       BUFG (Prop_bufg_I_O)         0.029     1.115 r  clk_IBUF_BUFG_inst/O
                         net (fo=1520, routed)        0.892     2.007    ram_inst/clk_IBUF_BUFG
    SLICE_X113Y75        FDRE                                         r  ram_inst/mem_reg[18][10]/C

Slack:                    inf
  Source:                 rst
                            (input port)
  Destination:            ram_inst/mem_reg[18][5]/R
                            (rising edge-triggered cell FDRE clocked by clk  {rise@0.000ns fall@5.000ns period=10.000ns})
  Path Group:             (none)
  Path Type:              Hold (Min at Fast Process Corner)
  Data Path Delay:        0.611ns  (logic 0.156ns (25.536%)  route 0.455ns (74.464%))
  Logic Levels:           1  (IBUF=1)
  Clock Path Skew:        2.007ns (DCD - SCD - CPR)
    Destination Clock Delay (DCD):    2.007ns
    Source Clock Delay      (SCD):    0.000ns
    Clock Pessimism Removal (CPR):    -0.000ns

    Location             Delay type                Incr(ns)  Path(ns)    Netlist Resource(s)
  -------------------------------------------------------------------    -------------------
    M20                                               0.000     0.000 r  rst (IN)
                         net (fo=0)                   0.000     0.000    rst
    M20                  IBUF (Prop_ibuf_I_O)         0.156     0.156 r  rst_IBUF_inst/O
                         net (fo=1517, routed)        0.455     0.611    ram_inst/SR[0]
    SLICE_X113Y75        FDRE                                         r  ram_inst/mem_reg[18][5]/R
  -------------------------------------------------------------------    -------------------

                         (clock clk rise edge)        0.000     0.000 r  
    K19                                               0.000     0.000 r  clk (IN)
                         net (fo=0)                   0.000     0.000    clk
    K19                  IBUF (Prop_ibuf_I_O)         0.355     0.355 r  clk_IBUF_inst/O
                         net (fo=1, routed)           0.731     1.086    clk_IBUF
    BUFGCTRL_X0Y16       BUFG (Prop_bufg_I_O)         0.029     1.115 r  clk_IBUF_BUFG_inst/O
                         net (fo=1520, routed)        0.892     2.007    ram_inst/clk_IBUF_BUFG
    SLICE_X113Y75        FDRE                                         r  ram_inst/mem_reg[18][5]/C

Slack:                    inf
  Source:                 rst
                            (input port)
  Destination:            ram_inst/mem_reg[18][7]/R
                            (rising edge-triggered cell FDRE clocked by clk  {rise@0.000ns fall@5.000ns period=10.000ns})
  Path Group:             (none)
  Path Type:              Hold (Min at Fast Process Corner)
  Data Path Delay:        0.611ns  (logic 0.156ns (25.536%)  route 0.455ns (74.464%))
  Logic Levels:           1  (IBUF=1)
  Clock Path Skew:        2.007ns (DCD - SCD - CPR)
    Destination Clock Delay (DCD):    2.007ns
    Source Clock Delay      (SCD):    0.000ns
    Clock Pessimism Removal (CPR):    -0.000ns

    Location             Delay type                Incr(ns)  Path(ns)    Netlist Resource(s)
  -------------------------------------------------------------------    -------------------
    M20                                               0.000     0.000 r  rst (IN)
                         net (fo=0)                   0.000     0.000    rst
    M20                  IBUF (Prop_ibuf_I_O)         0.156     0.156 r  rst_IBUF_inst/O
                         net (fo=1517, routed)        0.455     0.611    ram_inst/SR[0]
    SLICE_X113Y75        FDRE                                         r  ram_inst/mem_reg[18][7]/R
  -------------------------------------------------------------------    -------------------

                         (clock clk rise edge)        0.000     0.000 r  
    K19                                               0.000     0.000 r  clk (IN)
                         net (fo=0)                   0.000     0.000    clk
    K19                  IBUF (Prop_ibuf_I_O)         0.355     0.355 r  clk_IBUF_inst/O
                         net (fo=1, routed)           0.731     1.086    clk_IBUF
    BUFGCTRL_X0Y16       BUFG (Prop_bufg_I_O)         0.029     1.115 r  clk_IBUF_BUFG_inst/O
                         net (fo=1520, routed)        0.892     2.007    ram_inst/clk_IBUF_BUFG
    SLICE_X113Y75        FDRE                                         r  ram_inst/mem_reg[18][7]/C

Slack:                    inf
  Source:                 rst
                            (input port)
  Destination:            ram_inst/mem_reg[18][9]/R
                            (rising edge-triggered cell FDRE clocked by clk  {rise@0.000ns fall@5.000ns period=10.000ns})
  Path Group:             (none)
  Path Type:              Hold (Min at Fast Process Corner)
  Data Path Delay:        0.611ns  (logic 0.156ns (25.536%)  route 0.455ns (74.464%))
  Logic Levels:           1  (IBUF=1)
  Clock Path Skew:        2.007ns (DCD - SCD - CPR)
    Destination Clock Delay (DCD):    2.007ns
    Source Clock Delay      (SCD):    0.000ns
    Clock Pessimism Removal (CPR):    -0.000ns

    Location             Delay type                Incr(ns)  Path(ns)    Netlist Resource(s)
  -------------------------------------------------------------------    -------------------
    M20                                               0.000     0.000 r  rst (IN)
                         net (fo=0)                   0.000     0.000    rst
    M20                  IBUF (Prop_ibuf_I_O)         0.156     0.156 r  rst_IBUF_inst/O
                         net (fo=1517, routed)        0.455     0.611    ram_inst/SR[0]
    SLICE_X113Y75        FDRE                                         r  ram_inst/mem_reg[18][9]/R
  -------------------------------------------------------------------    -------------------

                         (clock clk rise edge)        0.000     0.000 r  
    K19                                               0.000     0.000 r  clk (IN)
                         net (fo=0)                   0.000     0.000    clk
    K19                  IBUF (Prop_ibuf_I_O)         0.355     0.355 r  clk_IBUF_inst/O
                         net (fo=1, routed)           0.731     1.086    clk_IBUF
    BUFGCTRL_X0Y16       BUFG (Prop_bufg_I_O)         0.029     1.115 r  clk_IBUF_BUFG_inst/O
                         net (fo=1520, routed)        0.892     2.007    ram_inst/clk_IBUF_BUFG
    SLICE_X113Y75        FDRE                                         r  ram_inst/mem_reg[18][9]/C

Slack:                    inf
  Source:                 rst
                            (input port)
  Destination:            ram_inst/mem_reg[29][0]/R
                            (rising edge-triggered cell FDRE clocked by clk  {rise@0.000ns fall@5.000ns period=10.000ns})
  Path Group:             (none)
  Path Type:              Hold (Min at Fast Process Corner)
  Data Path Delay:        0.625ns  (logic 0.156ns (24.969%)  route 0.469ns (75.031%))
  Logic Levels:           1  (IBUF=1)
  Clock Path Skew:        2.010ns (DCD - SCD - CPR)
    Destination Clock Delay (DCD):    2.010ns
    Source Clock Delay      (SCD):    0.000ns
    Clock Pessimism Removal (CPR):    -0.000ns

    Location             Delay type                Incr(ns)  Path(ns)    Netlist Resource(s)
  -------------------------------------------------------------------    -------------------
    M20                                               0.000     0.000 r  rst (IN)
                         net (fo=0)                   0.000     0.000    rst
    M20                  IBUF (Prop_ibuf_I_O)         0.156     0.156 r  rst_IBUF_inst/O
                         net (fo=1517, routed)        0.469     0.625    ram_inst/SR[0]
    SLICE_X112Y72        FDRE                                         r  ram_inst/mem_reg[29][0]/R
  -------------------------------------------------------------------    -------------------

                         (clock clk rise edge)        0.000     0.000 r  
    K19                                               0.000     0.000 r  clk (IN)
                         net (fo=0)                   0.000     0.000    clk
    K19                  IBUF (Prop_ibuf_I_O)         0.355     0.355 r  clk_IBUF_inst/O
                         net (fo=1, routed)           0.731     1.086    clk_IBUF
    BUFGCTRL_X0Y16       BUFG (Prop_bufg_I_O)         0.029     1.115 r  clk_IBUF_BUFG_inst/O
                         net (fo=1520, routed)        0.895     2.010    ram_inst/clk_IBUF_BUFG
    SLICE_X112Y72        FDRE                                         r  ram_inst/mem_reg[29][0]/C





